worldline_id,event_index,cycle,event,class,holonomy_mode,support_node_count,x,y,z,vx,vy,vz,pair_h3_separation,support_overlap_fraction,support_overlap_node_count,contact_outcome,charge_conservation_pass,transport_distance
free_pair_left,0,0,birth,transposition,1,8,0.09711268445067973,0.21055432216723544,-0.5953029636661602,0.010014321029524693,-0.01850160308553195,0.015304135309877984,1.2009077215015367,0.0,0,,True,
free_pair_left,1,1,continue,transposition,1,8,0.09841481900133342,0.17852206968443887,-0.574005607710199,0.0013021345506536918,-0.03203225248279656,0.02129735595596117,1.1412577607962193,0.0,0,,True,0.03953321223256254
free_pair_left,2,2,continue,transposition,1,8,0.09679525014204428,0.13423253544050892,-0.5435983506580869,-0.0016195688592891477,-0.04428953424392995,0.030407257052112106,1.0564456278246985,0.0,0,,True,0.05509601201993243
free_pair_left,3,3,continue,transposition,1,8,0.08526888713101881,0.08807753508506579,-0.501051580900851,-0.011526363011025475,-0.046155000355443135,0.042546769757235925,0.9448217172682621,0.0,0,,True,0.06486945206663854
free_pair_left,4,4,continue,transposition,1,8,0.07178907383135998,0.04319140572291358,-0.4417175698143186,-0.013479813299658833,-0.04488612936215221,0.0593340110865324,0.803203584568704,0.0,0,,True,0.07630729278850762
free_pair_left,5,5,continue,transposition,1,8,0.0529161126302126,-0.0010190289547294049,-0.3641683571520798,-0.018872961201147377,-0.04421043467764298,0.07754921266223881,0.6270728846800604,0.0,0,,True,0.09175118051244957
free_pair_left,6,6,continue,transposition,1,8,0.033273380891979294,-0.0538259527792372,-0.26629252959893307,-0.019642731738233304,-0.052806923824507794,0.09787582755314671,0.41212467772495437,0.0,0,,True,0.11350846251838743
free_pair_left,7,7,continue,transposition,1,8,0.016271281761025897,-0.09062897110367332,-0.18531847322741754,-0.025823081656247193,-0.05589705953767038,0.12298479461941329,0.24616632998992544,0.0,0,,True,0.09094104073832131
free_pair_left,8,8,continue,transposition,1,8,0.009369206561036725,-0.10806566874181571,-0.13459403704750322,-0.02051883795435962,-0.051836695910929806,0.15079616726047126,0.15349233516632443,0.302307567425798,2,,True,0.05427255882653663
free_pair_left,9,9,continue,transposition,1,8,0.006542451254911586,-0.11635455044264918,-0.10203243936674136,-0.01556495661138507,-0.045641051332182506,0.1792938546892387,0.1051490003136087,0.522049998574506,4,,True,0.033825858687768925
free_pair_left,10,10,contact_scatter,transposition,1,8,0.00640860303155266,-0.11976347095483444,-0.07918979056881413,-0.08238408526358938,-0.10739327373150909,0.16179444188679748,0.08219535718585881,0.6263847400642781,5,scatter,True,0.023161433636045815
free_pair_left,11,11,continue,transposition,1,8,0.0011332956201906977,-0.12787276978965478,-0.06395339001982826,-0.05897404513073763,-0.09065597853753568,0.1703317178579177,0.09440436102172484,0.570889268083069,5,scatter,True,0.01810972336030022
free_pair_left,12,12,continue,transposition,1,8,-0.00256963392451144,-0.13594472609909017,-0.045231827188010595,-0.034033871332389436,-0.07418988644519055,0.17207112716225884,0.11635238163854801,0.47112553800659995,4,scatter,True,0.02079156409395095
free_pair_left,13,13,continue,transposition,1,8,-0.004735477077039601,-0.14425413377510032,-0.021187564851185402,-0.014413639800500616,-0.055298930145389606,0.16001405096541743,0.15052537887326314,0.31579373239425845,3,scatter,True,0.025619068484267843
free_pair_left,14,14,continue,transposition,1,8,-0.0033740653449093137,-0.15301186392071153,0.0106255077481615,0.006224416573421559,-0.04004061326737507,0.14545035250209506,0.1998800204545681,0.09145445247923589,1,scatter,True,0.033140122094477246
free_pair_left,15,15,continue,transposition,1,8,0.003216689349636097,-0.1631076620405772,0.05278095682256656,0.01904284972594403,-0.02917006858397882,0.12180090430583859,0.27043887566427705,0.0,0,scatter,True,0.044003168442365036
free_pair_left,16,16,continue,transposition,1,8,0.019570667555095657,-0.17273106715690276,0.1089697045326033,0.028645578445652343,-0.016856327109569476,0.09842003945886973,0.3674987217910776,0.0,0,scatter,True,0.0595382978092614
free_pair_left,17,17,continue,transposition,1,8,0.054290941508802315,-0.18086010747588416,0.18119020811999903,0.03568591510755016,-0.008355125397795243,0.07422910209408601,0.49267767321534867,0.0,0,scatter,True,0.08090586934161134
free_pair_left,18,18,continue,transposition,1,8,0.09253589048573711,-0.18379361814588244,0.23186479537061247,0.0382449489769348,-0.0029335106699982885,0.05067458725061344,0.5823313178953687,0.0,0,scatter,True,0.06391842020568649
free_pair_left,19,19,continue,transposition,1,8,0.13326586329152404,-0.18712182159070948,0.2601086071922888,0.04072997280578693,-0.003328203444827048,0.028243811821676335,0.634234305139747,0.0,0,scatter,True,0.05007507747667243
free_pair_left,20,20,continue,transposition,1,8,0.17356832943977663,-0.19357550986655192,0.26702267920835915,0.04030246614825257,-0.006453688275842455,0.006914072016070378,0.6488154459106726,0.0,0,scatter,True,0.04195151241470441
free_pair_left,21,21,continue,transposition,1,8,0.21281461103490532,-0.20051982714927122,0.25269440927992237,0.0392462815951287,-0.006944317282719287,-0.014328269928436768,0.6264219260444255,0.0,0,scatter,True,0.043267389189765894
free_pair_left,22,22,continue,transposition,1,8,0.24940215774963917,-0.2097686645745359,0.21695649655894544,0.03658754671473385,-0.009248837425264684,-0.03573791272097692,0.5675725569496541,0.0,0,scatter,True,0.053277008662480856
free_pair_left,23,23,continue,transposition,1,8,0.2790787882754291,-0.22128640618222672,0.15958038961699106,0.02967663052578991,-0.01151774160769081,-0.057376106941954386,0.47344538896332194,0.0,0,scatter,True,0.06728589060727094
free_pair_left,24,24,continue,transposition,1,8,0.29578239587668453,-0.240510583610184,0.08273907591124188,0.016703607601255454,-0.019224177427957255,-0.07684131370574918,0.34877191700973653,0.0,0,scatter,True,0.08299761939583646
free_pair_left,25,25,continue,transposition,1,8,0.2965653149296278,-0.2649677323059949,0.011771377369532945,0.0010390051334830993,-0.032456871434893265,-0.09418062163530283,0.24701691412766905,0.0,0,scatter,True,0.0769854926514306
free_pair_left,26,26,continue,transposition,1,8,0.2876254115386325,-0.287299303899763,-0.035480631667610785,-0.01967972194706006,-0.04915926944455421,-0.10401749981186664,0.18915737679645098,0.14019374183431377,1,scatter,True,0.054409638561231106
free_pair_left,27,27,continue,transposition,1,8,0.27380281370715803,-0.3071359394733878,-0.06801085097875169,-0.044619803116810165,-0.06403331592123992,-0.10500862418963466,0.16103025182585057,0.2680443098824974,2,scatter,True,0.041631860449166114
free_pair_left,28,28,continue,transposition,1,8,0.2569725312145147,-0.3266874243052735,-0.09086417222474412,-0.06621030257800938,-0.07691550793246352,-0.08990492674564482,0.15266942939833555,0.3060480481893838,2,scatter,True,0.035430532862973436
free_pair_left,29,29,continue,transposition,1,8,0.23782927843246207,-0.3478211905234069,-0.10676026272759484,-0.07943827188536332,-0.08769825514563233,-0.06596360470482168,0.15937086592423744,0.27558697307164803,2,scatter,True,0.033580860115975636
free_pair_left,30,30,continue,transposition,1,8,0.21596073191411136,-0.37202924673408827,-0.11652089895858334,-0.08374014280850507,-0.09269871148033054,-0.03737592122087175,0.17940372747127425,0.1845285114942079,1,scatter,True,0.03504642500642216
free_pair_left,31,31,continue,transposition,1,8,0.19004829185182964,-0.4000882076451835,-0.11933394671651791,-0.0809986119266281,-0.0877083316136806,-0.008793188257391405,0.2131902292410597,0.03095350344972858,0,scatter,True,0.039462492871499076
free_pair_left,32,32,continue,transposition,1,8,0.1608554227163406,-0.43429809933081814,-0.1127390106226425,-0.06767787858928533,-0.07930885057263481,0.01528905165826273,0.2626200754062852,0.0,0,scatter,True,0.046868517955595664
free_pair_left,33,33,continue,transposition,1,8,0.12998728384054536,-0.47618519870649567,-0.09231861393485156,-0.04929856026768623,-0.06689660498546023,0.03261279084086624,0.3296454444007337,0.0,0,scatter,True,0.05768461311866348
free_pair_left,34,34,continue,transposition,1,8,0.10389701787372449,-0.5262930358401485,-0.051015243106637936,-0.028508115818199637,-0.05475145505309398,0.04513105695243472,0.41297284302454107,0.0,0,scatter,True,0.07230631383672066
free_pair_left,35,35,continue,transposition,1,8,0.09546983274253995,-0.5659709132476458,-0.0003609515434869204,-0.008427185131184541,-0.03967787740749727,0.050654291563151016,0.47690136583274306,0.0,0,scatter,True,0.0673082786222278
free_pair_left,36,36,continue,transposition,1,8,0.10609014699169467,-0.5903573178810098,0.0481169681510129,0.010620314249154713,-0.02438640463336393,0.04847791969449982,0.5087987261485123,0.0,0,scatter,True,0.057729194458440575
free_pair_left,37,37,continue,transposition,1,8,0.13709427029379295,-0.6033610960285679,0.09142438556281375,0.031004123302098296,-0.01300377814755819,0.04330741741180085,0.5064526339737336,0.0,0,scatter,True,0.05768511880726597
free_pair_left,38,38,continue,transposition,1,8,0.1849825014520273,-0.6034143886714584,0.12372896230102672,0.04788823115823435,-5.329264289048556e-05,0.032304576738212964,0.4695563890688392,0.0,0,scatter,True,0.06134929163448153
free_pair_left,39,39,continue,transposition,1,8,0.24999694166519015,-0.5942290337378333,0.14089319150432494,0.06501444021316286,0.009185354933624996,0.017164229203298215,0.3997831208281629,0.0,0,scatter,True,0.07246651181298541
free_pair_left,40,40,continue,transposition,1,8,0.3292970232894588,-0.5775743427096108,0.1377405274699958,0.07930008162426867,0.016654691028222507,-0.003152664034329139,0.3062736518490281,0.0,0,scatter,True,0.08692782907955805
free_pair_left,41,41,continue,transposition,1,8,0.3875728193523699,-0.5636226852305957,0.11930567933174382,0.08939468472012681,0.021401750056118503,-0.028278934798306198,0.2414380298285724,0.0,0,scatter,True,0.06743345768361737
free_pair_left,42,42,continue,transposition,1,8,0.42828940002903204,-0.5548861298505477,0.09309692713170677,0.08781822366913583,0.018843153371731983,-0.05652748891340575,0.20333969688809464,0.07572865050866073,1,scatter,True,0.05305775443951611
free_pair_left,43,43,continue,transposition,1,8,0.45609297905101037,-0.5503749926498582,0.06287614734944912,0.07499241589886363,0.012167537023328042,-0.0815121421752047,0.1852788497736797,0.15782341011963774,1,scatter,True,0.04467122617071907
free_pair_left,44,44,continue,transposition,1,8,0.4743984989211054,-0.5505788131277465,0.03008776871747506,0.05461271244045673,-0.0006080782860787804,-0.09782089262278443,0.18253943325904634,0.17027530336797114,1,scatter,True,0.04068222185302787
free_pair_left,45,45,continue,transposition,1,8,0.4846254252228033,-0.555640246262062,-0.00502283427091435,0.030894661827333185,-0.01529015272363664,-0.10606610176705385,0.19263704549456095,0.12437706593381381,1,scatter,True,0.04007048617261283
free_pair_left,46,46,continue,transposition,1,8,0.48742545510647417,-0.5672258973011457,-0.042027374975734756,0.007538063424423562,-0.031190157239091673,-0.09962128491960873,0.2147501337170185,0.023863028559006794,0,scatter,True,0.042229743451083754
free_pair_left,47,47,continue,transposition,1,8,0.48199453396055103,-0.5873904529733741,-0.07988383688023368,-0.011891394413889263,-0.04415175220492705,-0.08288945972981027,0.2486073116625767,0.0,0,scatter,True,0.04698661138802344
free_pair_left,48,48,continue,transposition,1,8,0.46706343387163013,-0.6190527639558583,-0.1154466322965671,-0.024878423938294775,-0.05275621962194585,-0.059255265555073454,0.2937661706861532,0.0,0,scatter,True,0.05423712746696653
free_pair_left,49,49,continue,transposition,1,8,0.4407712054121258,-0.6644625369577303,-0.14183429711785434,-0.03306435227162186,-0.05710602786754355,-0.03318437030243924,0.3474440630615479,0.0,0,scatter,True,0.06394914448641481
free_pair_left,50,50,continue,transposition,1,8,0.4098585937793623,-0.7188736287932483,-0.1484189757387197,-0.030912611632763477,-0.05441109183551808,-0.006584678620865356,0.4026884160639585,0.0,0,scatter,True,0.06860280064852914
free_pair_left,51,51,continue,transposition,1,8,0.3870883888702576,-0.7689056088137498,-0.13084349842115417,-0.022770204909104686,-0.05003198002050145,0.01757547731756553,0.4338824935445747,0.0,0,scatter,True,0.06311485450671289
free_pair_left,52,52,continue,transposition,1,8,0.37567343253251817,-0.8087019659938746,-0.09310674626848442,-0.01141495633773941,-0.03979635718012472,0.03773675215266974,0.43554954806931584,0.0,0,scatter,True,0.06205807447533711
free_pair_left,53,53,continue,transposition,1,8,0.3791739851525428,-0.8369251974026928,-0.038572000413761354,0.0035005526200246433,-0.02822323140881823,0.054534745854723066,0.40805435230068515,0.0,0,scatter,True,0.06912900207705244
free_pair_left,54,54,continue,transposition,1,8,0.40149199364037386,-0.8516776649593,0.027299081718607773,0.022318008487831036,-0.014752467556607163,0.06587108213236913,0.3584188277640679,0.0,0,scatter,True,0.08080081018894147
free_pair_left,55,55,continue,transposition,1,8,0.43953713962969204,-0.8517195750359514,0.0842416005319945,0.044512918571494975,-4.903489737786157e-05,0.06662289333592669,0.3066265190546541,0.0,0,scatter,True,0.07840795827663916
free_pair_left,56,56,continue,transposition,1,8,0.48344500996988266,-0.8432789499760126,0.12141414850409804,0.06649483738329912,0.01278262840865431,0.05629474883151847,0.26972307918053234,0.0,0,scatter,True,0.06690357825497747
free_pair_left,57,57,continue,transposition,1,8,0.529055615209162,-0.8328321498996889,0.14131934061288448,0.08616442129267528,0.019735376854010972,0.03760352114985902,0.24831458652834543,0.0,0,scatter,True,0.058606967812769334
free_pair_left,58,58,continue,transposition,1,8,0.574129423753189,-0.8225650970028043,0.14687538313864737,0.09814702830897594,0.02235623666759842,0.01209813593917359,0.24099777727352512,0.0,0,scatter,True,0.053767687009081036
free_pair_left,59,59,continue,transposition,1,8,0.6178710411205681,-0.8148605623858868,0.13992617811286825,0.09974265506565058,0.017568411617757643,-0.015846056949500986,0.24604105800097964,0.0,0,scatter,True,0.0519273132194367
free_pair_left,60,60,continue,transposition,1,8,0.6594455164434913,-0.8115756318837758,0.12130750790209577,0.09005874035910998,0.0071158252963980685,-0.04033181353029179,0.2619870739870069,0.0,0,scatter,True,0.05274377120190706
free_pair_left,61,61,continue,transposition,1,8,0.6970279944804559,-0.8141890766165804,0.09089461786531672,0.0732768824780756,-0.005095594876961264,-0.05929789320575843,0.2875874956788622,0.0,0,scatter,True,0.056059905153311045
free_pair_left,62,62,continue,transposition,1,8,0.7277833160587613,-0.8248804765979949,0.04916426432226813,0.049724401174987234,-0.017285576430880537,-0.06746854639335974,0.3224808393225057,0.0,0,scatter,True,0.06161438911680435
free_pair_left,63,63,continue,transposition,1,8,0.747560804962262,-0.8482200919104645,-0.0013612273990246393,0.02613596143376224,-0.030843313256900987,-0.06676946246779808,0.3643876438327842,0.0,0,scatter,True,0.0690773007808742
free_pair_left,64,64,continue,transposition,1,8,0.750839421938273,-0.8864751249080042,-0.05544059571045944,0.0034304061355100207,-0.04002611493476733,-0.05658306481587187,0.41084955493687125,0.0,0,scatter,True,0.07840286504313235
free_pair_left,65,65,continue,transposition,1,8,0.7368794314140173,-0.9339393419761682,-0.09460872386074805,-0.013959990524255669,-0.04746421706816409,-0.03916812815028861,0.4487398520221111,0.0,0,scatter,True,0.0754037719844214
free_pair_left,66,66,continue,transposition,1,8,0.7126942231466389,-0.9850996297135288,-0.11124811922523832,-0.024185208267378487,-0.05116028773736057,-0.016639395364490273,0.4679857279039579,0.0,0,scatter,True,0.0712984702738394
free_pair_left,67,67,continue,transposition,1,8,0.684664799914891,-1.0339043377401542,-0.10364951571182388,-0.028029423231747827,-0.04880470802662531,0.007598603513414438,0.46418932557588694,0.0,0,scatter,True,0.06989875987656649
free_pair_left,68,68,continue,transposition,1,8,0.659116866510175,-1.0772829291047599,-0.07205701421916508,-0.025547933404716047,-0.04337859136460554,0.03159250149265879,0.4367814253437402,0.0,0,scatter,True,0.07446210540000223
free_pair_left,69,69,continue,transposition,1,8,0.6400432967640776,-1.112282084001107,-0.017558776905166336,-0.019073569746097422,-0.03499915489634702,0.05449823731399874,0.39321172910978897,0.0,0,scatter,True,0.08598651296435962
free_pair_left,70,70,continue,transposition,1,8,0.6372249595572993,-1.134068876323378,0.04570730288629465,-0.003231953862408595,-0.024984202538329246,0.07255095325346148,0.3534116207964735,0.0,0,scatter,True,0.08587710405392991
free_pair_left,71,71,continue,transposition,1,8,0.6500178987011468,-1.1428588086923266,0.10326856406390045,0.01829821616795328,-0.012572566849586379,0.08233201050083913,0.3275557001127311,0.0,0,scatter,True,0.07680801283078674
free_pair_left,72,72,continue,transposition,1,8,0.6757539048970579,-1.1425339361442681,0.1516935702670504,0.04175606553047749,0.0005270980781757892,0.07856843509206826,0.31498482285476415,0.0,0,scatter,True,0.0708712059850924
free_pair_left,73,73,continue,transposition,1,8,0.7119593701852415,-1.13682619406055,0.18910066819830307,0.06425722286848547,0.010130063299283397,0.0663898726200394,0.3152824399841361,0.0,0,scatter,True,0.06771737795505071
free_pair_left,74,74,continue,transposition,1,8,0.756901781395987,-1.1289147299493292,0.21409647298148018,0.08040423715910511,0.014154007752086199,0.04471875365887675,0.3274324717224418,0.0,0,scatter,True,0.06711273223408565
free_pair_left,75,75,continue,transposition,1,8,0.808602950780736,-1.1201234266060243,0.22510531233042338,0.08854423288047232,0.015056123871389285,0.018853910784928485,0.3500781485730456,0.0,0,scatter,True,0.0691920456673472
free_pair_left,76,76,continue,transposition,1,8,0.8647754992471922,-1.1131421062488462,0.220280739862878,0.08519551579060039,0.010588396022024429,-0.007317309808137148,0.3824187309516026,0.0,0,scatter,True,0.07349361146859036
free_pair_left,77,77,continue,transposition,1,8,0.9221678070906015,-1.113174456388156,0.19809930299412715,0.074906658335733,-4.2222397451099555e-05,-0.02895052273305566,0.4221899196521608,0.0,0,scatter,True,0.07935979530588323
free_pair_left,78,78,continue,transposition,1,8,0.9753001845215499,-1.1244206637690997,0.1583261104524632,0.05733489694720667,-0.01213572914314458,-0.04291906377803899,0.46586564234166583,0.0,0,scatter,True,0.08692423685816351
free_pair_left,79,79,continue,transposition,1,8,1.011526470637524,-1.147666870524218,0.10904804892933152,0.0362262861159741,-0.02324620675511822,-0.049278061523131675,0.49984785947959565,0.0,0,scatter,True,0.08558894059957967
free_pair_left,80,80,continue,transposition,1,8,1.026914597790223,-1.182899757578057,0.059945610308759126,0.015388127152698954,-0.0352328870538393,-0.0491024386205724,0.515918427842931,0.0,0,scatter,True,0.08318390056463693
free_pair_left,81,81,continue,transposition,1,8,1.0228280890657901,-1.2288075254455406,0.01920640197755947,-0.004086508724432943,-0.045907767867483566,-0.04073920833119966,0.5124880934459827,0.0,0,scatter,True,0.08404421455410889
free_pair_left,82,82,continue,transposition,1,8,1.0011184137114955,-1.2802655718493363,-0.006536266696519778,-0.02170967535429469,-0.05145804640379574,-0.025742668674079247,0.4914881677290883,0.0,0,scatter,True,0.08703226784925543
free_pair_left,83,83,continue,transposition,1,8,0.9670031055948475,-1.3341132169484515,-0.0116395979462592,-0.03411530811664795,-0.05384764509911518,-0.005103331249739421,0.4585825123151167,0.0,0,scatter,True,0.0931107429449136
free_pair_left,84,84,continue,transposition,1,8,0.9285796200655135,-1.3865434305479594,0.0071744838115795646,-0.03919292138040322,-0.053480136204573904,0.01919083646423772,0.4254515538760157,0.0,0,scatter,True,0.10031543798860122
free_pair_left,85,85,continue,transposition,1,8,0.8978499506146561,-1.426142092696283,0.043385826023676625,-0.03732093684088064,-0.048092257268966966,0.04397838440086051,0.4027526671070558,0.0,0,scatter,True,0.09305172941563573
free_pair_left,86,86,continue,transposition,1,8,0.878164193369679,-1.4528323545855177,0.09071738076204056,-0.026811713392186534,-0.036351746251425024,0.06446488515829882,0.39177296860729066,0.0,0,scatter,True,0.08800426956526276
free_pair_left,87,87,continue,transposition,1,8,0.8718818730913044,-1.4683256648171548,0.14379343808170988,-0.009243031102329793,-0.022794945498403607,0.07808956354604529,0.3929388958357725,0.0,0,scatter,True,0.0852991447284906
free_pair_left,88,88,continue,transposition,1,8,0.8802010211415527,-1.4740482462858684,0.19823651506721685,0.012329114563887744,-0.008480960081825285,0.08068553766690535,0.40607064759832606,0.0,0,scatter,True,0.08521990722943285
free_pair_left,89,89,continue,transposition,1,8,0.9047659285629163,-1.4731807176953897,0.24947934562118196,0.03481264228958359,0.0012294352255549233,0.07261978640430458,0.4309163659973711,0.0,0,scatter,True,0.08712790609589305
free_pair_left,90,90,continue,transposition,1,8,0.9454958579068664,-1.4668381145530924,0.2928200001789222,0.052484298161564254,0.008173033437639565,0.05584846016099641,0.46580465189963144,0.0,0,scatter,True,0.09137906971074575
free_pair_left,91,91,continue,transposition,1,8,1.001307420499035,-1.4573741429737352,0.3226279846525993,0.0640148645702744,0.01085500621755543,0.034189225324843864,0.5083176239484916,0.0,0,scatter,True,0.09740158012740655
free_pair_left,92,92,continue,transposition,1,8,1.0690320272079887,-1.4510896986253918,0.3336913738497743,0.06901668178912311,0.0064043413005708425,0.011274460625693174,0.552810223674445,0.0,0,scatter,True,0.1034588276064278
free_pair_left,93,93,continue,transposition,1,8,1.1367269695757671,-1.451857750008217,0.3231405132012131,0.06769494236777836,-0.0007680513828252807,-0.010550860648561216,0.5878356247598012,0.0,0,scatter,True,0.10222108241408456
free_pair_left,94,94,continue,transposition,1,8,1.1950768876839215,-1.4628883339982708,0.2950973325908709,0.058349918108154444,-0.011030583990053789,-0.02804318061034221,0.6059811390093279,0.0,0,scatter,True,0.09783916206927204
free_pair_left,95,95,continue,transposition,1,8,1.2409322836681451,-1.4855750346172953,0.2532335669173602,0.04585539598422355,-0.0226867006190245,-0.04186376567351072,0.6043413062332805,0.0,0,scatter,True,0.1001039334874861
free_pair_right,0,0,birth,transposition,1,8,-0.21599110999070864,-0.1969778549559081,0.48907867511037106,0.01914651503406519,-0.006615247919440264,-0.01632366248777085,1.2009077215015367,0.0,0,,True,
free_pair_right,1,1,continue,transposition,1,8,-0.1897845140533323,-0.19287010576765226,0.4652295923197866,0.02620659593737634,0.00410774918825585,-0.02384908279058447,1.1412577607962193,0.0,0,,True,0.036079064171263664
free_pair_right,2,2,continue,transposition,1,8,-0.16054507621469158,-0.17890951073260072,0.4314421543488741,0.02923943783864073,0.01396059503505153,-0.033787437970912514,1.0564456278246985,0.0,0,,True,0.04703590289064347
free_pair_right,3,3,continue,transposition,1,8,-0.12333434712979117,-0.16238179158130256,0.3852297136602544,0.037210729084900404,0.016527719151298175,-0.046212440688619766,0.9448217172682621,0.0,0,,True,0.061845832682392646
free_pair_right,4,4,continue,transposition,1,8,-0.08370577688422601,-0.14548108893603914,0.3228033160051553,0.03962857024556517,0.016900702645263405,-0.062426397655099025,0.803203584568704,0.0,0,,True,0.07604941782356799
free_pair_right,5,5,continue,transposition,1,8,-0.039242204397253753,-0.12776744660131822,0.24241556933544955,0.044463572486972254,0.017713642334720926,-0.08038774666970577,0.6270728846800604,0.0,0,,True,0.09377126479139673
free_pair_right,6,6,continue,transposition,1,8,0.006710453516685817,-0.10272935666820136,0.14154469455442362,0.04595265791393957,0.025038089933116858,-0.10087087478102594,0.41212467772495437,0.0,0,,True,0.1138172247718348
free_pair_right,7,7,continue,transposition,1,8,0.039840027600663304,-0.08438493273672228,0.05928750781951672,0.05077537679054491,0.02811521315563233,-0.12606982630105906,0.24616632998992544,0.0,0,,True,0.0906923325387914
free_pair_right,8,8,continue,transposition,1,8,0.055210990934189484,-0.07605700757410379,0.008111100745106695,0.04624879990356547,0.025057410918268942,-0.15398172249916067,0.15349233516632443,0.302307567425798,2,,True,0.05416009776290389
free_pair_right,9,9,continue,transposition,1,8,0.06243365664193843,-0.072659999417016,-0.024649350787033418,0.04015116595761799,0.01888414109049541,-0.18211701600729543,0.1051490003136087,0.522049998574506,4,,True,0.0337686936897888
free_pair_right,10,10,contact_scatter,transposition,1,8,0.06528877489701043,-0.07219234492676208,-0.04756342632016458,0.11273492148361726,0.06175312648472118,-0.15283266975449408,0.08219535718585881,0.6263847400642781,5,scatter,True,0.023130059661786308
free_pair_right,11,11,continue,transposition,1,8,0.07379309544587204,-0.06795083889260799,-0.06290694795407806,0.0899317195574435,0.04485319302972548,-0.16225508865483493,0.09440436102172484,0.570889268083069,5,scatter,True,0.018074680825117418
free_pair_right,12,12,continue,transposition,1,8,0.08141205597574346,-0.06473890310580992,-0.08190694768265452,0.06559194663945786,0.027651688168094407,-0.16357178429529584,0.11635238163854801,0.47112553800659995,4,scatter,True,0.02075052830358231
free_pair_right,13,13,continue,transposition,1,8,0.08869772485073915,-0.06329887735835603,-0.10633457627611706,0.04543192214478282,0.0089797023124862,-0.15232563261949172,0.15052537887326314,0.31579373239425845,3,scatter,True,0.02556545097145242
free_pair_right,14,14,continue,transposition,1,8,0.09473021302169952,-0.06482364591121897,-0.13876769260413077,0.025507576298177428,-0.0064472816352031965,-0.13713913162846192,0.1998800204545681,0.09145445247923589,1,scatter,True,0.033068272805761516
free_pair_right,15,15,continue,transposition,1,8,0.0993641421946727,-0.07157601792397632,-0.1818417828023777,0.012274641068832321,-0.01788610479919072,-0.11409734089888103,0.27043887566427705,0.0,0,scatter,True,0.043904390245489
free_pair_right,16,16,continue,transposition,1,8,0.10096138089015279,-0.08987931257721435,-0.23823039984328528,0.002561521284893848,-0.02935333270514129,-0.09043146975136197,0.3674987217910776,0.0,0,scatter,True,0.05939581493538618
free_pair_right,17,17,continue,transposition,1,8,0.09683192612019945,-0.12697786975015554,-0.30420863752154736,-0.004129454769953342,-0.037098557172941186,-0.06597823767826211,0.49267767321534867,0.0,0,scatter,True,0.07599192972965095
free_pair_right,18,18,continue,transposition,1,8,0.09028269396018268,-0.16866755410416454,-0.34652796654572127,-0.006549232160016763,-0.041689684354008986,-0.04231932902417389,0.5823313178953687,0.0,0,scatter,True,0.06008829735692834
free_pair_right,19,19,continue,transposition,1,8,0.08202011795707521,-0.21025665590381226,-0.3664272178486409,-0.008262576003107463,-0.04158910179964774,-0.01989925130291966,0.634234305139747,0.0,0,scatter,True,0.04745536086036992
free_pair_right,20,20,continue,transposition,1,8,0.07457965757372119,-0.24942187332743015,-0.3650030986866132,-0.00744046038335403,-0.03916521742361791,0.0014241191620277308,0.6488154459106726,0.0,0,scatter,True,0.040924720403850756
free_pair_right,21,21,continue,transposition,1,8,0.06885486389980869,-0.2876928308514213,-0.34247559169142217,-0.005724793673912496,-0.03827095752399114,0.02252750699519103,0.6264219260444255,0.0,0,scatter,True,0.04628857711496741
free_pair_right,22,22,continue,transposition,1,8,0.06649562020366248,-0.3234396323533655,-0.2987415758684884,-0.002359243696146206,-0.03574680150194423,0.0437340158229338,0.5675725569496541,0.0,0,scatter,True,0.058412523952356896
free_pair_right,23,23,continue,transposition,1,8,0.07120191212821178,-0.3562136309539349,-0.2335793603141637,0.004706291924549297,-0.03277399860056938,0.06516221555432467,0.47344538896332194,0.0,0,scatter,True,0.07536186505877347
free_pair_right,24,24,continue,transposition,1,8,0.08827779314694428,-0.3814586660922897,-0.14857197592620686,0.017075881018732503,-0.025245035138354802,0.08500738438795687,0.34877191700973653,0.0,0,scatter,True,0.09296362840292692
free_pair_right,25,25,continue,transposition,1,8,0.11105894325821251,-0.39022469588976805,-0.07758355967343411,0.03292070978687605,-0.012667662586672929,0.10258433126831216,0.24701691412766905,0.0,0,scatter,True,0.07721948784872129
free_pair_right,26,26,continue,transposition,1,8,0.1339593637873377,-0.3887677771492018,-0.029783753733379922,0.053952752673469356,0.0034324599574554523,0.11261501090967492,0.18915737679645098,0.14019374183431377,1,scatter,True,0.05453311527557163
free_pair_right,27,27,continue,transposition,1,8,0.15690057936382196,-0.3833342327029024,0.00318515150694873,0.07865828567905347,0.01862993222316213,0.11304011150907092,0.16103025182585057,0.2680443098824974,2,scatter,True,0.041688971982189495
free_pair_right,28,28,continue,transposition,1,8,0.1808844609965983,-0.3757041692426349,0.02672976476143705,0.10031798996137178,0.03191445994153448,0.09848065097520765,0.15266942939833555,0.3060480481893838,2,scatter,True,0.035454417214544405
free_pair_right,29,29,continue,transposition,1,8,0.20696219512653533,-0.3660199164672356,0.043816394790368765,0.11408719343528637,0.042367531402769845,0.07475211057658762,0.15937086592423744,0.27558697307164803,2,scatter,True,0.03359279440452214
free_pair_right,30,30,continue,transposition,1,8,0.2367493663331241,-0.3542653793735968,0.05539605891253152,0.1188488585073969,0.04689983168166069,0.046202100000475595,0.17940372747127425,0.1845285114942079,1,scatter,True,0.035048227686039206
free_pair_right,31,31,continue,transposition,1,8,0.2723439479588913,-0.3412065563918276,0.060796612245065766,0.115888508979143,0.042516794839478046,0.017583071489641267,0.2131902292410597,0.03095350344972858,0,scatter,True,0.03941421860186908
free_pair_right,32,32,continue,transposition,1,8,0.31540566065730313,-0.32693390060592886,0.05796576857512767,0.10313497478208056,0.03418373079727208,-0.006780013432253602,0.2626200754062852,0.0,0,scatter,True,0.0467776821464989
free_pair_right,33,33,continue,transposition,1,8,0.36753809104906365,-0.31350259993171964,0.0429267009079735,0.08514805024032314,0.02193738247011028,-0.0245633529775518,0.3296454444007337,0.0,0,scatter,True,0.057501032633804995
free_pair_right,34,34,continue,transposition,1,8,0.42786970442654904,-0.30482283105458774,0.008543219383929705,0.06453246988103147,0.009284136330537042,-0.03677758411618063,0.41297284302454107,0.0,0,scatter,True,0.07199385675082717
free_pair_right,35,35,continue,transposition,1,8,0.4720700461952919,-0.31038016286725756,-0.03325429948530578,0.04420034176874291,-0.0055573318126697965,-0.04179751886923549,0.47690136583274306,0.0,0,scatter,True,0.06282182480050642
free_pair_right,36,36,continue,transposition,1,8,0.496885870862804,-0.33074839533344785,-0.07299982290123772,0.024815824667512098,-0.020368232466190284,-0.03974552341593194,0.5087987261485123,0.0,0,scatter,True,0.05264296805095457
free_pair_right,37,37,continue,transposition,1,8,0.5016670649397399,-0.36291484542490593,-0.10733898671215555,0.004781194076935858,-0.032166450091458104,-0.034339163810917846,0.5064526339737336,0.0,0,scatter,True,0.04935355547618158
free_pair_right,38,38,continue,transposition,1,8,0.4891871025562688,-0.4077359762942658,-0.13100905607825702,-0.012479962383471113,-0.044821130869359835,-0.02367006936610148,0.4695563890688392,0.0,0,scatter,True,0.05521087885119347
free_pair_right,39,39,continue,transposition,1,8,0.45964822448163806,-0.4622857842466594,-0.13983483597510285,-0.029538878074630712,-0.054549807952393614,-0.008825779896845815,0.3997831208281629,0.0,0,scatter,True,0.06696063200383749
free_pair_right,40,40,continue,transposition,1,8,0.4157641146019957,-0.5247988149289604,-0.12862035411556744,-0.043884109879642336,-0.062513030682301,0.011214481859535403,0.3062736518490281,0.0,0,scatter,True,0.08293898257884769
free_pair_right,41,41,continue,transposition,1,8,0.3798925829706899,-0.5700081165309767,-0.10412723169027559,-0.0534469348483424,-0.06735978329827635,0.03649362764746252,0.2414380298285724,0.0,0,scatter,True,0.0675832224270386
free_pair_right,42,42,continue,transposition,1,8,0.3556607038683415,-0.6004198161891309,-0.07397742915589531,-0.05205137986277204,-0.0653259668593224,0.06476339774873274,0.20333969688809464,0.07572865050866073,1,scatter,True,0.05315544768051038
free_pair_right,43,43,continue,transposition,1,8,0.34131855462791866,-0.621558147758677,-0.041509620644326194,-0.03973058455649164,-0.05855735118415554,0.08994223876831213,0.1852788497736797,0.15782341011963774,1,scatter,True,0.04468201179917841
free_pair_right,44,44,continue,transposition,1,8,0.33506659502248975,-0.6362160648795294,-0.0075056526319654815,-0.01961406532655368,-0.04598579679081058,0.1066795200303809,0.18253943325904634,0.17027530336797114,1,scatter,True,0.04065760242062504
free_pair_right,45,45,continue,transposition,1,8,0.3363794895521984,-0.6459419903291811,0.028084307346425676,0.004220241620277498,-0.03126355883853488,0.11440235827484983,0.19263704549456095,0.12437706593381381,1,scatter,True,0.04000531498024792
free_pair_right,46,46,continue,transposition,1,8,0.3459706401329858,-0.6513485390628683,0.06536945950449671,0.027849893643272988,-0.015699034849059625,0.10826516728405709,0.2147501337170185,0.023863028559006794,0,scatter,True,0.04215880796311066
free_pair_right,47,47,continue,transposition,1,8,0.3658695813041253,-0.6525778181238808,0.1037326831846842,0.04764310905933508,-0.0029432056642854274,0.09185128163068865,0.2486073116625767,0.0,0,scatter,True,0.04690314264802569
free_pair_right,48,48,continue,transposition,1,8,0.3990330398714915,-0.6495826414557495,0.14089941611909962,0.06107346078225223,0.005515884430613687,0.06844584685470982,0.2937661706861532,0.0,0,scatter,True,0.05413948351792953
free_pair_right,49,49,continue,transposition,1,8,0.44876558643170883,-0.6427210293612493,0.17138268543637167,0.06891482450287177,0.00950819585976169,0.0422409327608017,0.3474440630615479,0.0,0,scatter,True,0.06371874063883703
free_pair_right,50,50,continue,transposition,1,8,0.5157190088405443,-0.635681567299344,0.18693687790525737,0.06720419637776837,0.0070658283592042554,0.015612450679424237,0.4026884160639585,0.0,0,scatter,True,0.0748676027922766
free_pair_right,51,51,continue,transposition,1,8,0.5749549384632129,-0.633463917865428,0.17845056453879823,0.05923592962266856,0.002217649433916043,-0.008486313366459145,0.4338824935445747,0.0,0,scatter,True,0.06508424155287977
free_pair_right,52,52,continue,transposition,1,8,0.6225596228264001,-0.6410661404874712,0.14978855820157305,0.04760468436318722,-0.007602222622043187,-0.028662006337225168,0.43554954806931584,0.0,0,scatter,True,0.06135058832573903
free_pair_right,53,53,continue,transposition,1,8,0.6548695327491598,-0.6600653635980664,0.10459250111128453,0.03230990992275974,-0.01899922311059516,-0.045196057090288524,0.40805435230068515,0.0,0,scatter,True,0.06527449280942735
free_pair_right,54,54,continue,transposition,1,8,0.6680568120523853,-0.6923113349955919,0.04837105049920677,0.013187279303225538,-0.03224597139752554,-0.056221450612077756,0.3584188277640679,0.0,0,scatter,True,0.07481138791438709
free_pair_right,55,55,continue,transposition,1,8,0.65961131125912,-0.7352081301632463,-0.004339705702077451,-0.009178819227597798,-0.04662150154567131,-0.05728760370342732,0.3066265190546541,0.0,0,scatter,True,0.07849479578105974
free_pair_right,56,56,continue,transposition,1,8,0.6373483855267419,-0.7771813486230211,-0.03785917201516818,-0.03141615519957292,-0.059230182106752766,-0.04730073524736269,0.26972307918053234,0.0,0,scatter,True,0.06734165387953465
free_pair_right,57,57,continue,transposition,1,8,0.608131540567385,-0.8154473716218731,-0.05422276176460833,-0.05077120231110641,-0.06649629684583604,-0.02843562085024874,0.24831458652834543,0.0,0,scatter,True,0.05943727900553935
free_pair_right,58,58,continue,transposition,1,8,0.576941671877746,-0.8499905221289435,-0.05559864132622109,-0.06232641557824002,-0.06902724648534847,-0.0027494069371048644,0.24099777727352512,0.0,0,scatter,True,0.05474986465955697
free_pair_right,59,59,continue,transposition,1,8,0.5465537030137044,-0.8808440312393941,-0.04353163183931091,-0.06356041721361108,-0.06453415561724923,0.02523973092575441,0.24604105800097964,0.0,0,scatter,True,0.053090375880839126
free_pair_right,60,60,continue,transposition,1,8,0.519650224865284,-0.9080740034755697,-0.018619503814348265,-0.053866332420685,-0.0545200411704379,0.04987923725312409,0.2619870739870069,0.0,0,scatter,True,0.05408648870466724
free_pair_right,61,61,continue,transposition,1,8,0.4995354134309117,-0.9312030285225724,0.018859279390210752,-0.036769342549204165,-0.042279245199839686,0.068510223049913,0.2875874956788622,0.0,0,scatter,True,0.0574333473655698
free_pair_right,62,62,continue,transposition,1,8,0.4909895213547028,-0.9500631380267933,0.06757151854923507,-0.013459207286351443,-0.029703408491112877,0.07671851204964951,0.3224808393225057,0.0,0,scatter,True,0.06274413965551529
free_pair_right,63,63,continue,transposition,1,8,0.49873553851779817,-0.9624744378997556,0.12479625863176426,0.01024282280745068,-0.016411885325346615,0.0756702264565521,0.3643876438327842,0.0,0,scatter,True,0.07001471963319482
free_pair_right,64,64,continue,transposition,1,8,0.5283245394294234,-0.9687849586217624,0.18381696100941325,0.032694370889310646,-0.006972810795680101,0.06521493373317447,0.41084955493687125,0.0,0,scatter,True,0.07836832509498078
free_pair_right,65,65,continue,transposition,1,8,0.578277332311851,-0.96867006695841,0.2313736735297084,0.049952792882427606,0.00011489166335248763,0.04755671252029514,0.4487398520221111,0.0,0,scatter,True,0.08141327988647014
free_pair_right,66,66,continue,transposition,1,8,0.6386503658761298,-0.965253483481357,0.25645452110008937,0.06037303356427885,0.003416583477053026,0.025080847570380958,0.4679857279039579,0.0,0,scatter,True,0.0774574902218069
free_pair_right,67,67,continue,transposition,1,8,0.7031697716916113,-0.9638759058649923,0.25734112830374734,0.06451940581548157,0.001377577616364718,0.0008866072036579594,0.46418932557588694,0.0,0,scatter,True,0.07669892320831434
free_pair_right,68,68,continue,transposition,1,8,0.765579983588666,-0.9677049424418974,0.23417217183313632,0.062410211897054674,-0.0038290365769051227,-0.023168956470611016,0.4367814253437402,0.0,0,scatter,True,0.08030153322495441
free_pair_right,69,69,continue,transposition,1,8,0.821106890035346,-0.9798196277095446,0.18820609146824863,0.05552690644668002,-0.012114685267647089,-0.04596608036488769,0.39321172910978897,0.0,0,scatter,True,0.08972373320527452
free_pair_right,70,70,continue,transposition,1,8,0.8550397884718004,-0.9990165165187427,0.13375205525206957,0.039801514662315955,-0.02251694628565252,-0.06387173571215261,0.3534116207964735,0.0,0,scatter,True,0.08406345119788422
free_pair_right,71,71,continue,transposition,1,8,0.8681272413867784,-1.0241853592661738,0.08131667671525775,0.018299572136243378,-0.035192413408056504,-0.07331793269929994,0.3275557001127311,0.0,0,scatter,True,0.07626803050403388
free_pair_right,72,72,continue,transposition,1,8,0.8647568410302369,-1.0552514604685077,0.03625043058373999,-0.005232719098447748,-0.048231712520516994,-0.06996765424915719,0.31498482285476415,0.0,0,scatter,True,0.07110341221590612
free_pair_right,73,73,continue,transposition,1,8,0.8480439891751078,-1.0904937405848953,0.0013023650130531486,-0.02748424790558262,-0.05795585169263166,-0.05747201652305317,0.3152824399841361,0.0,0,scatter,True,0.06882944461947314
free_pair_right,74,74,continue,transposition,1,8,0.8211174351614664,-1.1291069542343348,-0.02086026721307829,-0.043497549236773375,-0.062376350165552125,-0.03580184029431566,0.3274324717224418,0.0,0,scatter,True,0.06912096232920363
free_pair_right,75,75,continue,transposition,1,8,0.7875129991695601,-1.170345504391735,-0.027311339729862823,-0.05133854275376254,-0.06300141656502684,-0.009855504264089791,0.3500781485730456,0.0,0,scatter,True,0.0717163976034906
free_pair_right,76,76,continue,transposition,1,8,0.7520691046411769,-1.2131033843838865,-0.015358742778649915,-0.048339640532231054,-0.05831471333054897,0.01630137567375921,0.3824187309516026,0.0,0,scatter,True,0.07632259681691426
free_pair_right,77,77,continue,transposition,1,8,0.7196709123233448,-1.2541133033703211,0.017113366283580657,-0.037973324263064386,-0.048066970416023695,0.03805996071722139,0.4221899196521608,0.0,0,scatter,True,0.08309308059502528
free_pair_right,78,78,continue,transposition,1,8,0.699052928490705,-1.2901964391040908,0.06946941629192493,-0.02061798383263983,-0.036083135733769596,0.05235605000834428,0.46586564234166583,0.0,0,scatter,True,0.09041029948393568
free_pair_right,79,79,continue,transposition,1,8,0.6993236628893608,-1.31483401934286,0.1282429507080362,0.0002707343986558126,-0.02463758023876935,0.05877353441611128,0.49984785947959565,0.0,0,scatter,True,0.08603303707242078
free_pair_right,80,80,continue,transposition,1,8,0.7205199463620195,-1.327686830124471,0.18650382367689872,0.02119628347265881,-0.012852810781610977,0.0582608729688625,0.515918427842931,0.0,0,scatter,True,0.08582096690115948
free_pair_right,81,81,continue,transposition,1,8,0.7613689529118143,-1.330222241972934,0.23642363963561666,0.04084900654979469,-0.00253541184846278,0.04991981595871795,0.5124880934459827,0.0,0,scatter,True,0.088163612372665
free_pair_right,82,82,continue,transposition,1,8,0.8198079909045242,-1.3268346102296664,0.27148106903383484,0.058439037992709886,0.003387631743267579,0.03505742939821817,0.4914881677290883,0.0,0,scatter,True,0.0936188575378837
free_pair_right,83,83,continue,transposition,1,8,0.8908523460706295,-1.3207670661856983,0.2860780149280801,0.07104435516610533,0.006067544043968121,0.014596945894245272,0.4585825123151167,0.0,0,scatter,True,0.10079694246847475
free_pair_right,84,84,continue,transposition,1,8,0.9578247614940925,-1.315959086229527,0.27766135812197573,0.07643966599099146,0.005487638150980487,-0.009606439172776631,0.4254515538760157,0.0,0,scatter,True,0.09522780143502062
free_pair_right,85,85,continue,transposition,1,8,1.0139738018217466,-1.3161083525467763,0.2517597959461603,0.07433635952498484,-0.00019761539216453885,-0.0342913757194148,0.4027526671070558,0.0,0,scatter,True,0.08837052750417851
free_pair_right,86,86,continue,transposition,1,8,1.0573365067904816,-1.324063264381886,0.21438908030590378,0.06355681957270899,-0.011659533153787581,-0.05477434659492096,0.39177296860729066,0.0,0,scatter,True,0.08348955622109974
free_pair_right,87,87,continue,transposition,1,8,1.086992420195843,-1.340353861132524,0.17021079006944878,0.04573182774548309,-0.02512142365295083,-0.06812651263063993,0.3929388958357725,0.0,0,scatter,True,0.08150956855837611
free_pair_right,88,88,continue,transposition,1,8,1.102730669742239,-1.3660316458315498,0.12374614040151632,0.023968111265316172,-0.03910523841287148,-0.07076199229538618,0.40607064759832606,0.0,0,scatter,True,0.08212012543680419
free_pair_right,89,89,continue,transposition,1,8,1.1038516419332685,-1.4010145889168235,0.07896944914258933,0.0015743879156235015,-0.049132996596299036,-0.06288816277851977,0.4309163659973711,0.0,0,scatter,True,0.08577905981900844
free_pair_right,90,90,continue,transposition,1,8,1.0907287377241262,-1.4459570792967966,0.04174674048186813,-0.01635405313026099,-0.05600832435919791,-0.0463877618389969,0.46580465189963144,0.0,0,scatter,True,0.09156288021505897
free_pair_right,91,91,continue,transposition,1,8,1.0648177826406813,-1.4997869069834933,0.018856015869010957,-0.028118857529981764,-0.05841672955362391,-0.024841269728348624,0.5083176239484916,0.0,0,scatter,True,0.09935496653832421
free_pair_right,92,92,continue,transposition,1,8,1.031747490432556,-1.554119740068956,0.016991252800886907,-0.0330702922081252,-0.05433283308546259,-0.0018647630681240487,0.552810223674445,0.0,0,scatter,True,0.10082661390045085
free_pair_right,93,93,continue,transposition,1,8,1.000369359063311,-1.6013125694324568,0.03691873885380521,-0.031378131369245235,-0.04719282936350085,0.0199274860529183,0.5878356247598012,0.0,0,scatter,True,0.09706926707751572
free_pair_right,94,94,continue,transposition,1,8,0.9781348738703627,-1.6384695611141582,0.07455285450143266,-0.022234485192948256,-0.037156991681701446,0.037634115647627454,0.6059811390093279,0.0,0,scatter,True,0.09403167176310392
free_pair_right,95,95,continue,transposition,1,8,0.9686612158871335,-1.664218019342238,0.1259427075044895,-0.009473657983229236,-0.025748458228079828,0.051389853003056825,0.6043413062332805,0.0,0,scatter,True,0.09711578160609592
