object_id,observer_count,visible_signature_key,persistence,overlap_agreement,observer_ids_json,spatial_embedding_available,claim_boundary
neutral_object_05f0e80f45f8,1045,0:0:2:0:0:2,32.0,0.741953125,"[284,295,378,433,509,516,604,620,666,751,975,1064,1217,1223,1269,1338,1395,1408,1413,1505,1516,1715,1812,1924,1945,1992,2009,2068,2144,2487,2678,2741,2796,2864,2911,2930,3089,3144,3193,3199,3220,3275,3288,3309,3404,3431,3451,3488,3548,3551,3646,3809,3919,3953,4008,4021,4171,4420,4459,4631,4692,4818,5041,5276,5501,5523,5743,5759,5809,5955,6131,6154,6288,6549,6734,6742,6750,6949,6955,7083,7227,7232,7415,7504,7811,7826,7848,7962,7970,8172,8255,8358,8424,8461,8571,8586,8649,8925,9061,9102,9282,9296,9428,9434,9563,9618,9644,9746,9845,9979,9993,10068,10285,10347,10398,10551,10576,10790,10809,10870,11042,11065,11106,11339,11360,11472,11483,11661,11949,12469,12504,12573,12645,12669,12958,12991,13077,13101,13111,13140,13191,13602,13721,13745,13758,13847,13922,13926,14054,14100,14153,14156,14181,14288,14321,14499,14530,14851,14873,14974,15366,15397,15599,15701,15743,15771,15995,16221,16228,16305,16350,16544,16820,16832,17004,17186,17205,17210,17239,17316,17349,17482,17597,17604,18111,18190,18386,18574,18713,18776,18800,18823,18996,19187,19386,19474,19503,19516,19609,19685,19893,19941,20346,20756,20757,20846,21007,21079,21393,21473,21787,22004,22531,22716,23402,23604,23831,23857,24441,24968,25169,25402,25457,26615,26798,27348,27519,27663,27725,27982,28012,28040,28073,28469,28506,28533,28714,28766,28956,29060,29437,29567,29670,29876,29943,29944,30158,30197,30730,30765,30768,30823,30841,31306,31418,31731,31767,31861,31950,32382,32670,33135,33245,33369,33524,33550,33959,34009,34242,34367,34683,34699,34888,35060,35110,35130,35321,35509,35563,35812,35850,35856,35974,36295,36426,36707,36890,36940,36958,37160,37538,37555,37580,37659,37722,37883,37934,37938,37957,38023,38184,38210,38781,39560,39603,39745,39842,39992,40042,40103,40355,40541,40602,40787,41154,41218,41420,41531,41755,41761,41918,42389,42552,42665,42705,42748,43044,43052,43106,43113,43211,43233,43287,43311,43442,43459,43466,43619,43796,43851,43915,43996,44219,44285,44320,44408,44437,44718,44725,44758,44814,44991,45010,45026,45095,45240,45261,45283,45395,45421,45498,45705,45795,45901,45945,46310,46408,46600,46603,46612,46613,46727,46888,46947,47121,47306,47409,47469,47476,47512,47679,47714,47741,47842,47857,48145,48207,48374,48437,48645,48653,48693,48718,48773,48817,48895,48909,48958,49022,49031,49091,49133,49199,49251,49263,49293,49379,49583,49663,49709,49759,50040,50136,50514,50691,50714,50728,50747,50772,50858,50873,50993,50995,51124,51168,51305,51316,51525,51549,51612,51627,51658,51679,51839,51870,51894,51977,52014,52059,52110,52179,52253,52354,52532,52703,52831,52921,52926,52986,53002,53108,53136,53473,53491,53543,53591,53672,53721,53763,53887,53918,53920,53998,54006,54261,54277,54417,54429,54441,54617,54640,54672,54692,54727,54763,54845,54881,54960,54993,55428,55533,55703,55735,55766,56091,56101,56164,56180,56313,56468,56484,56544,56696,56725,56789,56817,56920,57050,57169,57332,57359,57847,57909,57976,57977,58168,58196,58318,58346,58405,58490,58622,58745,58903,58975,59198,59465,59505,59506,59547,59803,59833,59960,60146,60205,60231,60327,60343,60413,60447,60526,60642,60645,60992,60998,61198,61752,61773,61913,61921,61939,62061,62095,62208,62316,62318,62417,62493,62506,62612,62883,63436,63449,63478,63480,63545,63569,63957,64046,64066,64090,64684,64839,64908,64974,65077,65108,65243,65433,65620,65692,65900,65927,65954,66020,66148,66407,66439,66599,66650,66835,66925,66967,66976,67156,67325,67487,67558,67890,68381,68385,68427,68492,68618,68623,68707,68806,68936,68953,69140,69397,69707,69972,70215,70216,70493,70736,70773,70876,71011,71083,71214,71281,71287,71306,71431,71528,71693,71741,72140,72160,72278,72667,72730,72898,72916,72945,73027,73044,73149,73178,73222,73405,73759,73885,74014,74047,74173,74188,74295,74303,74309,74550,74961,75057,75207,75374,75420,75434,75673,75715,76082,76361,76425,76437,76450,76552,76565,76597,76649,76675,76683,77056,77485,77737,77739,77899,78508,78816,78937,80967,81541,81810,81840,82245,82544,82674,83127,83302,83339,83431,83740,84020,84265,84535,84634,84832,85289,85330,85963,86057,86174,86187,86196,86234,86259,86453,86539,86599,86674,86818,86826,86869,86916,86976,87200,87271,87385,87427,87436,87572,87683,87762,87851,87889,88088,88137,88144,88461,88521,89495,89579,89854,89952,90680,90913,90924,91068,91158,91411,91700,92259,92738,93437,94232,94467,94986,94997,95071,95198,95299,95369,95454,95596,95838,96291,96312,96317,96511,96585,96599,96694,96713,96783,97428,97516,97804,97964,98196,98207,98235,98302,98379,98573,98593,98607,98756,98783,98924,98958,99164,99168,99196,99209,99430,99696,99767,99922,99992,100115,100144,100276,100443,100647,100765,101049,101088,101232,101306,101341,101342,101465,101604,101671,101833,101931,102158,102184,102343,102379,102383,102631,102752,102841,102897,102938,103494,103503,103522,103672,104168,104205,104356,104947,105038,105151,105176,105208,105635,106402,106485,106567,107268,107376,107565,107643,107688,107787,108120,108162,108395,108474,108543,108734,108795,108920,108973,109137,109282,109806,110165,110324,110364,110430,110570,110615,111028,111081,111152,111369,111405,112021,112311,112358,112667,112911,113032,113095,113099,113181,113419,113616,113658,113891,113902,114245,114533,114766,114936,115117,115270,115291,115320,115376,115615,115693,115720,115753,115841,116047,116189,116312,116341,116541,116563,116604,116713,117006,117080,117155,117473,117485,117502,117536,117617,117680,117706,117713,117934,118271,118323,118700,118773,118777,118815,118933,119065,119238,119247,119342,119475,119649,119666,119726,119738,119865,119986,120093,120236,120429,120590,120679,120768,120806,121156,121195,121517,121727,121755,121983,122431,122520,122548,122549,122758,122786,123019,123108,123217,123286,123293,123591,123663,123746,123768,123796,123879,123945,123970,124080,124157,124201,124345,124378,124777,124857,125050,125301,125355,125390,125445,125491,125555,125862,125957,126070,126074,126096,126181,126236,126293,126328,126430,126615,126718,126951,127081,127290,127349,127638,127667,127701,127909,127964,128171,128322,128358,128392,128447,128792,128824,128828,128940,129037,129074,129172,129211,129224,129263,129299,129326,129332,129358,129379,129427,129448,129465,129470,129515,129573,129587,129619,129696,129710,129774,129834,129837,129863,129884,129897,129906,129940,129960,129973,130045,130183,130185,130252,130437,130518,130539,130549,130554,130562,130588,130596,130628,130751,130759,130939,130953,130958,131016,131032,131069]",False,"Neutral-object candidate from observer-visible record/transition histories. No H3/S2/support coordinate is attached here; render as an audit/network row, not a neutral 3D point."
neutral_object_d3281b08acc8,937,8:0:2:0:0:2,32.0,0.7421484375,"[41,57,62,106,276,290,310,392,888,1049,1052,1310,1323,1366,1394,1455,1511,1536,1557,1562,1565,1566,1587,1682,1689,1748,1761,1837,1844,1854,2038,2049,2227,2341,2390,2475,2706,2746,3150,3285,3383,3390,3527,3573,3806,3933,3937,3959,4005,4110,4158,4187,4259,4281,4329,4330,4350,4437,4450,4514,4547,4555,4562,4619,4657,4825,4903,4992,4994,5035,5037,5310,5344,5386,5558,5687,5815,6123,6358,6465,6593,6618,6830,7119,7140,7159,7559,7630,7639,7873,8050,8051,8218,8235,8279,8400,8470,8635,8676,8704,8793,8828,8856,8897,8943,9430,9608,9748,9782,9789,9836,9868,9887,9930,9991,10114,10163,10273,10447,10485,10532,10553,10629,10972,11172,11184,11195,11383,11467,11493,11587,11648,11727,11795,11884,11906,12127,12371,12380,12460,12519,12619,12717,12757,12961,13048,13194,13436,13503,13565,14025,14035,14127,14175,14202,15189,15520,15673,15738,15992,16014,16047,16155,16158,16186,16614,16765,16967,16981,17214,17312,17639,17719,17833,17901,17922,17985,18056,18071,18072,18100,18234,18289,18595,18710,18791,18872,19316,19367,19448,19453,19573,19977,19981,20457,20541,20624,20731,20823,20909,20913,20978,21019,21511,21528,21624,21862,21964,22001,22099,22121,22228,22548,22614,22731,22749,22935,22952,22981,23101,23158,23328,23341,23430,23478,23533,23560,23650,23742,23883,23923,23966,24033,24082,24146,24172,24225,24478,24520,24692,24740,24962,25096,25107,25134,25580,25669,25967,26279,26306,26338,26343,26656,26929,26953,27144,27395,27482,27521,27628,27769,27968,28335,28489,28545,28734,28833,28839,28848,28866,28990,29305,29469,29493,30445,30948,31090,31181,31343,31450,31502,31558,31754,31759,31775,31879,31945,32398,32490,32797,33011,33148,33449,33645,33707,34088,34173,34180,34430,34440,34499,34567,34749,34763,35050,35195,35223,35362,35486,35739,36096,36216,36749,37167,37515,37679,37855,38154,38331,38471,38531,38666,38880,38901,38997,39356,39601,39711,39855,40465,40784,41008,41023,41042,41109,41330,41534,41544,41725,41803,42007,42025,42062,42448,42609,43353,43558,43809,43990,45477,45866,45955,45956,46486,46976,47570,47641,47985,48124,48464,48679,48689,48823,48855,48861,48967,49470,49552,49662,49684,49703,49794,49832,49881,50008,50011,50042,50075,50154,50315,50349,50404,50420,50530,50582,50690,51085,51218,51311,51384,51514,51617,51713,52090,52274,52287,52394,52418,52562,52636,53219,53384,53932,54000,54002,54119,54187,54358,55262,55300,55332,55811,55839,55965,56264,56287,56455,56620,56664,56863,56897,57064,57096,57251,57455,57489,57586,57832,57850,58016,58066,58083,58099,58261,58532,58583,58661,58763,58892,58895,58928,58988,59026,59105,59110,59230,59606,59745,59809,60059,60081,60092,60130,60356,60381,60706,60712,60758,61059,61126,61397,61466,61610,61711,61774,61777,61872,62048,62071,62079,62088,62152,62181,62186,62448,62641,62730,62787,62833,62857,62915,63121,63292,63844,63911,63988,64143,64276,64345,64358,64397,64774,65185,65245,65289,65295,65323,65473,65562,65595,65717,65798,66728,66783,66872,67074,67182,67249,67270,67416,67450,67911,67914,68091,68439,68464,68469,68483,68521,68690,68716,69168,69223,69514,69533,69545,69559,69614,69645,69647,69813,70020,70172,70227,70594,70838,70889,71016,71071,71337,71359,71570,71577,71748,71986,72078,72180,72187,72368,72652,72833,73154,73194,73204,73402,73407,73544,73688,73715,73821,74010,74103,74225,74858,74926,75047,75089,75370,75500,75582,76201,76467,76519,76593,76599,76698,76720,76737,77127,77255,77351,77353,77417,77432,77499,77591,77618,77950,78018,78027,78052,78100,78102,78116,78196,78265,78518,78573,78704,78715,78717,78783,78856,78992,79149,79173,79232,79250,79280,79538,79541,79639,79706,79806,79897,79975,80204,80234,80369,80540,80547,80602,80634,80703,80825,80847,80956,81068,81152,81167,81170,81513,81656,81761,81885,81996,82173,82642,83005,83072,83105,83252,83368,83374,83630,83655,83684,83917,84092,84116,84295,84330,84493,84632,84707,84955,84979,85042,85710,85745,85748,85848,86203,86420,86501,86509,86645,86697,86985,87365,87784,88017,88058,88165,88309,88709,88852,88876,88902,88941,89020,89189,89253,89296,89633,89661,89799,90007,90251,90355,90410,90566,90583,90588,90640,90772,90800,90982,91138,91144,91227,91397,91460,91486,91649,92007,92294,92308,92458,92505,92543,92630,92687,92750,92774,92867,92920,92968,93345,93351,93492,93636,93875,94013,94160,94217,94290,94358,94375,94623,94705,95089,95400,95843,95895,96123,96349,96726,96775,96791,96850,97170,97207,97518,97851,97915,98001,98014,98286,98306,98482,98484,98539,98564,98648,98786,99000,99407,99411,99432,99521,99632,99864,99873,99898,99958,100113,100265,100300,100419,100492,100838,101045,101143,101152,101411,101511,101644,101735,101805,101977,102274,102648,102763,103136,103277,103405,103421,103635,104012,104150,104383,104863,105143,105398,105469,105558,105775,105858,106590,106891,107228,107567,107581,107638,107842,107982,108191,108359,108424,108519,108718,108791,108801,108803,108903,109178,109515,109854,109945,110144,110414,110424,110556,110604,110701,111078,111304,111540,111637,111676,111680,111731,111746,112317,112338,112390,112516,112558,112756,112900,112994,113000,113383,113386,113491,113549,113565,113609,113671,113839,113863,114013,114210,114248,114274,114363,114617,114783,114829,114980,115237,115260,115326,115466,115559,115689,115703,115826,115864,115951,116224,116292,116669,116758,116865,117279,117389,117622,117673,117855,117978,118321,118523,118798,118878,118942,119198,119607,119763,119794,119809,119840,120179,120286,120983,121127,121328,121442,121894,122218,122264,122547,122629,122870,123344,123603,123697,123903,123939,124035,126100,126290,126354,126697,126737,126841,126875,127103,127417,127771,128055,128074,128118,128411,128502,128589,129041,129130,129457,129609,129633,130134,130540,130650,130841,130926]",False,"Neutral-object candidate from observer-visible record/transition histories. No H3/S2/support coordinate is attached here; render as an audit/network row, not a neutral 3D point."
neutral_object_5ee25bde04da,505,0:0:2:0:0:5,32.0,0.7416015625,"[88,300,308,457,588,669,1393,2666,3625,4070,4195,4250,4379,4413,4468,4483,4606,4790,4961,5194,5228,5249,5311,5599,5701,5747,6268,6519,6777,6896,6916,6933,8204,8437,8725,8898,8903,9568,10220,10233,11056,11099,11433,11488,11570,11577,11669,11962,12339,12483,12509,12644,13228,14043,14085,14365,14393,15072,15330,15588,16064,16297,16352,16485,18404,18459,18603,18726,18870,19222,19458,19847,20042,20166,20563,20581,20844,21081,21816,21843,21856,21966,22047,22225,22350,22583,22626,22822,22830,23400,24246,25232,25303,25489,25815,25931,25968,26150,26450,26452,27387,27569,28744,28829,29789,29936,29945,30010,30195,30235,30284,30310,30468,31386,31506,31532,31691,32602,32781,32961,33287,33290,33635,34361,34435,35934,35943,36651,36744,36795,36993,37050,37265,37744,38527,38812,39239,39252,39495,39707,40875,41068,41414,41591,41857,42234,42844,42993,43001,43493,43544,43577,43909,44420,45052,45339,45381,45428,46501,46601,46684,46851,47122,47294,47499,47965,48281,48335,48441,48582,48854,48904,48994,49606,49891,50038,50303,50538,50824,50913,50970,51631,52099,52181,52188,52567,52944,53696,53842,54731,54732,55005,55503,55615,55807,56257,56562,56683,57036,57160,57171,57382,57422,57943,58225,58295,58603,59120,59350,59362,59445,59624,59684,59823,60199,60374,60808,60810,60818,60971,61193,61259,61420,61562,61653,61670,61742,61795,61814,62191,62382,62608,62668,62830,63178,63656,63948,64415,64703,64931,65127,65135,66068,66869,67163,67435,67540,68229,68373,68395,68861,69063,69130,69204,70053,70612,70742,70974,71242,71456,71705,72066,72194,72862,73061,73294,73334,73591,74022,74677,74747,75120,75169,75630,75863,75897,76253,76562,76706,76733,76966,76975,76994,77430,77482,77671,77748,79637,80272,80505,81060,81523,81581,81732,82077,82130,82205,82362,82507,82664,82954,83151,83742,83857,83900,84174,84800,84942,85199,85214,86157,86518,86620,87060,87175,87268,87501,87511,87528,87706,87817,87840,88007,88022,88111,88282,88440,88865,89242,89316,89759,89825,89936,89942,90257,90923,91127,91915,92432,92615,93218,93289,93329,93724,94093,94703,94714,95612,95897,96167,96443,97599,98209,98561,98668,99180,99429,99717,100327,100353,100440,100874,102382,102416,102613,102793,102976,102990,103101,103256,103913,104180,104286,104501,104546,104679,104819,104876,104991,105273,105798,105809,105984,106131,106313,106442,106763,106822,107099,107274,107367,107429,107600,107928,108028,108090,108117,108250,108409,108416,108440,108895,108997,109070,109153,109204,109347,109408,109516,109629,109680,109749,109869,109984,109991,110423,110649,110830,112054,112801,113255,113507,113946,113973,114153,114780,115047,115353,115479,115895,115904,115975,116127,116365,116534,116717,116751,116767,116806,116884,117272,117352,117377,117487,117521,117583,117704,117720,117818,117907,117971,118042,118097,118303,118606,118684,118826,118972,119038,119215,119246,119404,119513,119637,120034,120480,121383,121437,121627,121659,123180,123230,123523,124052,124128,124178,124266,124429,124450,124628,124772,125135,125279,125321,125368,125381,125432,125465,125501,125933,125986,126185,126253,126689,126829,126833,126926,127066,127178,127233,127384,127600,127672,129708,130793]",False,"Neutral-object candidate from observer-visible record/transition histories. No H3/S2/support coordinate is attached here; render as an audit/network row, not a neutral 3D point."
neutral_object_743e53d6bea7,472,8:0:2:0:0:5,32.0,0.7426171875,"[185,292,483,1211,1311,4089,5286,5448,5464,5535,5645,5879,6058,6236,6433,6935,7024,7312,7349,7540,7634,7744,7867,7956,8294,8374,8756,9318,10245,10376,10481,10563,10600,10687,10799,10999,11180,11332,11355,11692,12058,12062,12301,12353,12673,13208,13322,13521,13595,13682,13844,14289,14637,14760,14815,15221,15420,16057,16438,16892,17284,18209,18779,18952,19326,19463,19497,19558,19939,20107,20544,20837,20987,21212,21364,21373,21408,21704,22217,22261,22481,22494,22932,23015,23016,23050,23262,23440,23451,23466,23554,23597,23846,23896,23948,24016,24367,24482,24557,24564,24613,24653,24657,24790,24791,24859,24977,25019,25078,25133,25173,25456,25493,25676,25689,25694,25784,25832,26077,26141,26209,26210,26482,26632,26681,26730,26973,27145,27236,27291,27554,27813,27816,27931,27964,28225,28576,28687,28707,28979,29022,29818,29993,30724,30802,30868,30970,31042,31067,31099,31124,31501,31661,32029,32073,32111,32666,32694,32908,33009,33060,33386,34517,35504,35572,35593,35806,35949,36401,38025,38088,38166,38211,38769,38965,39523,39687,39854,40096,41175,41182,41282,41353,42556,43060,43455,43799,44247,44697,44713,44857,45074,45572,45972,47170,47359,47906,48678,49025,49244,49288,49377,49554,50197,50461,51561,52882,53177,53192,53479,54759,54903,55219,55252,55485,55513,55575,55685,55778,55958,56066,56155,56418,56560,56676,56873,56998,57559,57648,57883,58159,58637,58769,59204,59247,59736,60470,60938,61114,61323,61700,61909,61932,62064,62686,62956,62965,63045,63477,64077,64370,64699,65069,66026,66205,66493,66522,66926,67466,67480,67633,68232,68550,68553,68651,68811,68937,69382,69444,69754,69759,69976,70430,71682,71756,71938,72232,72338,73158,73302,73702,74001,74149,74611,74886,75143,75329,75758,75784,75820,75908,76012,76660,76668,76715,76884,78224,78546,78566,78612,79015,79732,79871,80109,80190,80342,80730,80953,81628,81752,82005,82336,82382,82460,82541,82670,83215,83249,83618,84744,85775,86276,86990,87352,87435,87633,87753,88627,88685,90049,90337,90495,90803,90934,91291,91600,91934,92176,92181,92469,92937,92997,93019,93169,93442,93840,93951,94100,94371,94760,94910,95019,95552,95570,95594,95744,96024,96042,96885,97000,97163,97167,97485,98040,98176,98227,98335,98371,98738,98748,98892,99640,99824,99969,100356,100446,100590,100733,100805,100839,100872,100894,101216,101332,101387,101610,101731,102024,102076,102086,102309,102330,102347,102552,103118,103361,103423,103426,103545,103916,103951,104462,105171,105222,105654,105766,106321,107281,107617,107999,108848,109276,110002,110038,111216,111222,111245,111259,111661,111867,112285,112429,112836,113117,113494,114891,115090,115616,116687,117021,118079,118686,119676,119712,119931,120320,120930,120932,121261,121396,121763,121775,121780,122010,122030,122154,122332,122462,122606,122824,122939,123178,123317,123360,123439,123449,123638,123872,124071,124155,124592,124709,124753,124859,124893,125270,125359,125367,126351,127004,130115,130923]",False,"Neutral-object candidate from observer-visible record/transition histories. No H3/S2/support coordinate is attached here; render as an audit/network row, not a neutral 3D point."
neutral_object_70459d0dd27e,403,0:0:2:0:0:3,32.0,0.7415234375,"[893,2399,3085,3198,3399,5012,5519,7012,7337,7742,8968,9440,10479,11457,11466,11548,11877,12254,12398,12434,12597,12735,13008,13618,13655,14424,14482,14802,15602,16487,16542,16589,16719,16743,16822,16887,17061,17771,18283,18297,18381,19034,19123,20533,20562,20965,22067,22735,24881,25217,27234,27862,28293,28418,28431,28449,28699,29498,29525,29740,29974,30015,30601,30689,30837,30960,31095,31358,31438,31588,31771,31825,31959,32774,33081,33211,33254,33501,33522,33774,33928,33988,34529,34630,34707,35125,35447,35713,35861,35887,36533,36693,36871,37229,37680,37769,37873,38017,38701,39269,39370,39758,39916,40267,40552,40866,41332,41444,41816,42097,42803,42909,43059,43090,43318,43334,43364,43424,43436,43450,43741,44071,44140,44178,44448,44449,45104,45420,45813,46260,46397,46491,46536,46733,47019,47146,47329,47432,47550,47748,47887,48411,48541,48913,49345,49375,49699,49924,50094,50193,50405,50510,50877,51081,51147,52330,52395,52877,52880,52998,53005,53032,54008,54055,54197,54451,55095,55504,55527,55664,55671,55881,56815,61537,62743,62817,63031,63709,64037,64395,64662,64827,64895,65211,65441,65588,66171,67448,68378,68411,68662,68723,68752,68920,69440,69673,70949,71228,71648,72193,72316,72585,72963,73323,73413,73523,73557,73662,73934,73950,74594,74866,74971,75465,75789,75871,75960,76152,76157,76337,76865,76920,77386,77451,77828,78133,78205,78303,79360,80221,80347,81101,81632,81776,81788,81962,82215,82661,83210,83271,84163,84303,84375,84468,84504,84519,84546,85012,85095,85104,85389,86200,86315,86394,86730,87158,87302,87573,88200,88358,88730,89218,89600,89764,89776,89917,89950,90260,90984,91014,91565,91768,91798,92408,92641,92912,92946,94748,94796,95070,96431,96482,96808,97003,97021,97093,97271,97935,98190,98567,98744,98785,99162,99539,99642,100019,100054,100088,100271,100287,100308,100580,100654,101417,101481,101546,101562,101641,101939,102146,102300,102376,102404,102405,102650,102678,102874,102965,103054,103213,103259,103460,103882,103990,104378,104600,104762,104851,105066,105427,105532,105534,105626,105649,105712,106293,106377,106493,106916,107242,107569,107596,107680,107725,108434,108894,109212,109320,109422,109777,110218,110273,110546,110684,110729,111052,111672,111677,112755,112837,112892,113420,114069,114901,115010,115189,115543,115627,115833,115865,115899,116009,116401,116490,116929,117395,117621,117854,117974,118063,118171,118752,119139,119283,119516,121578,121589,122272,122806,123275,123503,123813,124076,124085,127996,129027,129116,129798,130633,130644,130659,130701,130971]",False,"Neutral-object candidate from observer-visible record/transition histories. No H3/S2/support coordinate is attached here; render as an audit/network row, not a neutral 3D point."
neutral_object_646771d90b0e,373,0:0:2:0:0:13,32.0,0.742265625,"[2260,2279,3951,4349,5176,5786,6695,6862,7212,7411,11738,11869,12478,12578,12932,13199,13407,13873,14918,15150,15473,15586,15790,16203,16395,16520,16633,16716,16860,16986,17012,17264,17298,17471,17678,17822,18107,18251,18352,18429,18602,18940,19183,19204,19805,19949,20143,20525,21157,21167,21193,21221,21258,21976,22291,22386,23949,25448,25472,26067,26203,26465,27219,27492,27565,27853,27912,27967,27973,28203,28261,28399,28405,28593,29025,29132,29475,29491,29570,30293,30334,30606,31488,31906,32041,32428,34303,34308,34340,34543,34984,35111,35114,35989,36983,37568,37887,37928,38078,38120,38455,38481,38599,38682,38720,40116,40699,40895,41088,41391,41602,41644,41733,42984,43745,44042,44288,45431,45507,45952,46564,49036,50379,50549,50782,50900,51871,53043,53220,54085,54162,54272,55025,55054,55526,55560,55635,55779,56187,56821,56910,57054,57143,57267,57327,57356,57576,57627,57745,58499,58554,58849,59261,59262,59308,59385,59452,59783,60105,60571,60672,61056,61206,61217,61767,62060,62564,62832,63131,63364,63442,63839,63945,64717,66613,66829,67076,67364,67741,67898,69334,69365,69831,69889,71541,72197,72238,72695,72703,72813,72816,72991,73138,73143,73216,73682,74168,74269,74646,74654,74790,74965,75006,75112,76251,77759,78657,78947,79267,79364,82270,82325,82408,82990,83147,83226,83450,83573,83717,83768,84289,84382,84674,84763,85051,85280,85314,85517,86322,86638,86810,87021,87203,87350,87714,88067,88091,88379,88385,88474,89170,89287,89332,89465,89780,89858,90235,90246,90651,90884,90989,91205,91373,91638,91871,92026,92588,92656,93002,93410,93522,93542,93597,93700,93712,93792,93821,93988,94580,94598,94728,95117,95283,95364,95924,95956,96193,96680,97075,97219,97237,97411,97447,97561,97640,97824,98211,99148,99351,99375,99553,100160,100281,100358,100834,100859,101092,101355,101815,101876,101886,102079,102808,103035,103090,103245,103329,103467,103474,103850,103905,103981,104125,104677,104735,105112,105489,105537,106375,107595,107862,107883,108061,108328,109063,109264,109480,110813,111449,111523,112277,113190,113711,114537,115998,116231,117460,118241,118651,119317,119452,120193,120249,120748,120892,121369,121469,121556,121613,122488,123453,123576,123976,124319,124353,124597,124641,124785,124984,125071,125081,125196,125251,125573,125699,125717,126000,126636,127047,128228,129947,130214,130745]",False,"Neutral-object candidate from observer-visible record/transition histories. No H3/S2/support coordinate is attached here; render as an audit/network row, not a neutral 3D point."
neutral_object_35f097007c5f,370,8:0:2:0:0:3,32.0,0.7423828125,"[480,938,1108,1800,1806,2221,2619,2742,2810,4147,5430,5766,5773,6150,6650,6666,7619,8127,8302,8498,8642,8910,9863,9915,10041,10080,10614,10715,10740,10884,11135,11307,11469,11800,11935,12264,12730,12732,12921,12989,13011,13065,13277,13442,13683,13853,13869,14128,14154,14416,14505,14615,14738,14793,14925,15014,15411,15634,16666,17143,17198,17952,18127,18504,18715,19408,19579,19589,19678,19871,20049,22292,22417,22669,22875,22985,23361,23537,23827,23899,24281,24483,24722,25280,25421,25836,26089,26178,26302,26356,26624,26743,27122,27588,27611,27831,28627,29418,29719,30028,30773,30981,31680,32882,33096,33115,33363,33725,33989,34320,34470,34494,34547,34735,34905,35625,36144,37495,37550,38371,39105,39125,39688,39719,39777,40332,40675,40702,40907,40908,40950,41319,41662,41800,41894,41910,42039,42127,42516,42737,43274,44099,44458,44567,44782,44926,45000,45500,45931,45996,46018,46196,46771,47005,47526,47766,48280,49733,49879,50013,50808,51150,51152,51185,51317,51953,52029,52372,52508,53000,53576,53710,53727,54104,54186,54424,54652,55091,57320,57553,57672,57718,57930,58011,58059,58074,58338,58426,58715,58948,59055,60112,60359,61308,64651,66170,67237,67381,68220,69247,69449,69593,69728,70074,70179,70482,70506,70755,70948,71008,71096,71187,71276,71473,71966,72312,72457,72545,72834,74581,74808,75430,75672,76117,76418,76659,76883,77413,77864,78480,80172,80791,82621,83296,83330,83375,83860,84326,84540,84852,85414,86171,86349,86438,86582,86771,87621,88455,88752,88786,88832,89132,89134,89744,89963,91286,92534,92739,92767,93288,93450,93683,93738,94500,95487,96034,96753,98428,101880,101929,101930,102122,102162,102345,102378,102494,102524,102621,102684,102819,102871,104032,104959,105177,105248,105485,105633,105644,105717,105838,106037,106184,107060,107166,107329,107508,107589,107867,108113,108189,108809,109144,110362,110930,111156,111501,111545,112351,112406,112587,113338,113448,113535,113710,113718,113859,114061,114578,114993,115001,116024,116535,116912,117522,118276,118708,119407,119515,119586,119857,119922,120175,120400,121553,121614,121632,121984,122160,122215,122351,122361,122797,122825,122859,123085,123393,123668,123729,123770,123800,124003,124055,124511,124579,125008,125419,125872,126091,126338,126406,128205,128239,128603,128730,128746,129713,130241,130440,130583,130665]",False,"Neutral-object candidate from observer-visible record/transition histories. No H3/S2/support coordinate is attached here; render as an audit/network row, not a neutral 3D point."
neutral_object_3fc0d4cb8e83,327,0:0:2:0:0:6,32.0,0.7426171875,"[4148,4957,5017,5473,6877,6912,7165,7686,8008,8248,8342,8497,8619,8728,8852,8975,9607,10063,11449,13102,13157,14000,14122,14436,14711,15945,17566,17871,18105,18529,18533,18999,19431,20976,21233,21343,21644,21914,22323,22884,23152,23296,23346,23474,23998,24104,24193,24283,24464,24877,24985,24998,25434,26044,27939,28127,28881,29012,29156,31264,32299,32646,32702,32859,33074,33079,33689,33941,34786,34993,35100,36155,36179,36446,36743,37142,37255,37289,37488,37758,38043,38799,40411,40897,41582,41938,42579,42848,43979,44416,45867,48616,49208,49548,49860,50967,51258,51776,51899,52705,52732,53603,53606,53836,54802,55004,55059,55068,55200,55616,55669,56889,57027,57692,57783,58232,58488,59274,59289,59383,59434,59976,60071,60836,61924,62036,62091,62145,62378,62445,62468,62756,63078,64004,64508,64915,64978,65086,65095,65321,65614,65819,66368,66559,66792,66798,67124,67268,67404,67580,67700,67878,68374,69232,69257,69297,69407,69466,69609,69619,69827,69928,70305,70829,70841,70989,71114,71650,72101,72192,72959,73004,73648,73933,74044,74090,74207,74645,75077,75389,75724,76153,76763,77161,77517,77627,78970,79656,79729,79953,80067,80243,80335,80732,81829,81898,82296,82596,83173,83317,83461,84214,84537,84626,85093,85557,85906,85921,86243,86290,86799,87072,87176,88294,88629,88823,88917,88951,89370,89425,89568,89636,89861,90048,90061,90470,90661,90784,90815,90928,91174,91303,91514,91838,92345,92611,92825,92877,93379,93510,93742,93776,94674,94907,95320,95488,95643,95661,96504,96660,97508,98701,99532,101685,101725,102924,103157,103424,104197,104740,104847,105095,105117,105494,105501,105671,105850,106171,106262,106639,106947,107412,107466,108311,108722,109035,109591,109824,110050,110057,110534,111898,112459,112502,113121,113599,114262,114700,115338,116229,116409,116523,116815,117386,117578,117744,117811,118449,118531,118875,119553,119735,119862,120419,121762,124166,124428,124439,124847,124865,125565,126319,126334,126531,126800,126929,126931,126944,127162,128117,128149,128293,128450,128594,128816,129285,130136]",False,"Neutral-object candidate from observer-visible record/transition histories. No H3/S2/support coordinate is attached here; render as an audit/network row, not a neutral 3D point."
neutral_object_b8c2d5501f81,316,8:0:2:0:0:13,32.0,0.74185546875,"[1080,1470,1507,1724,1813,2353,2389,2777,3142,3422,3887,3938,4162,4367,4607,4676,6045,7178,7642,9501,11238,12584,13034,13386,13974,14949,15038,15694,15982,16259,16814,17082,17154,17180,17183,17416,17476,17603,18288,18403,19533,19597,21027,21260,21760,22281,22705,22760,22809,22938,23142,23189,23323,23566,24213,24310,24543,25075,25430,26420,26781,27422,28568,28819,29228,29605,29802,29843,30355,30693,31198,31255,31941,32818,33161,33284,33771,33837,34004,34059,34292,34957,35061,35190,36221,36245,36664,36946,37452,38007,38117,39944,39996,40036,40057,40094,40545,40744,41017,41498,41559,41765,41936,42491,42807,43224,43304,43910,44450,44600,44683,44744,45747,47074,50176,50509,50595,50807,51074,51263,51760,52061,52104,52893,53137,53269,53324,53357,53501,53936,53969,54470,54531,54614,55225,56141,56176,56649,56750,56966,57072,57360,57727,58331,58438,58888,59281,59825,60627,60779,61120,62545,62576,62898,62950,63008,63274,63529,64081,64117,64314,64644,64694,65248,65393,65466,66021,66181,66236,66414,67477,67728,67888,67977,68250,68491,69304,69509,69736,69832,69914,70119,70640,72761,72808,73329,74012,74614,74703,75368,76755,77206,77342,77597,77816,79125,79131,79591,80222,80290,81151,81450,81569,81887,82141,82204,82426,83588,84664,84869,85130,85375,85520,85897,85951,86494,86794,86855,86883,87260,88104,88199,88415,88734,89224,89494,89899,90550,91160,91457,91674,91681,91963,92745,92950,93182,93220,93559,93943,94007,94253,94258,94313,94379,94923,95151,95763,95862,96065,96243,96552,96582,97112,97256,97720,98453,99610,100084,100273,101291,101632,102202,102907,103195,106298,106553,108542,108674,109017,109692,109771,110247,110446,110724,110768,110867,112653,113279,113583,113656,114138,114563,114771,115144,115579,115610,115843,116783,118223,119431,120210,120405,120850,121083,121362,121645,122112,122184,122390,122794,122856,123837,124740,126316,126398,126631,126669,127783,127906,128105,128143,129455,129883,130459,130991,131062]",False,"Neutral-object candidate from observer-visible record/transition histories. No H3/S2/support coordinate is attached here; render as an audit/network row, not a neutral 3D point."
neutral_object_c69ba66c2663,275,8:0:2:0:0:6,32.0,0.7421484375,"[1260,1431,1514,1535,1630,1643,1679,1713,1946,2211,2444,3344,5168,5456,6292,6644,7042,7508,8118,8351,8941,9518,10361,10505,10693,10963,11196,11358,11463,13238,13807,14450,14827,14972,15116,15293,15438,15961,16397,16562,16846,17028,17240,17542,17544,18584,18642,18733,19218,19469,19595,20294,20367,21791,21880,22726,22922,24519,24592,25439,27299,27317,28574,28926,29359,29680,30042,30057,30980,31302,31575,31823,31914,32479,33564,34893,36066,36294,36339,36736,36820,36904,37422,37470,37700,39015,39876,40351,40630,41473,41494,41914,42000,42321,42901,43040,43134,43966,43992,44781,46150,46203,46449,46853,47230,47957,48003,49826,51334,51711,52794,53116,55998,58938,59667,60090,63009,63058,63470,63475,63613,63852,64411,64566,65409,65587,66251,66340,66539,66862,67001,68306,68692,69446,69823,70653,71407,71462,71519,71739,71928,72105,72656,73720,74098,74124,74169,74475,74860,75132,75701,76245,76349,76400,76496,77041,77928,78507,78556,78692,78738,78895,79013,79246,80503,80877,83294,83558,83647,84105,84600,84859,85181,85765,85867,86050,86079,87181,87273,87414,87558,87965,88020,88742,89272,89505,90371,90674,91263,91369,91653,91967,91990,92056,92237,92577,93176,93644,94496,94663,94743,94765,95006,95519,95539,96028,96318,96763,97116,97392,97513,97815,103013,103752,103856,103883,104424,105161,105205,105627,105704,105974,106495,106758,107276,107601,107762,107851,107859,108139,108640,108664,108677,109215,109431,109742,110648,110991,111343,111834,111978,112211,113054,113830,114384,114672,114807,114924,115804,116037,116294,116873,118100,118998,119464,120056,121029,121550,121740,122905,125530,125947,126243,126374,126573,126588,126662,126677,126963,127232,128374,130267,130500,130597,130775]",False,"Neutral-object candidate from observer-visible record/transition histories. No H3/S2/support coordinate is attached here; render as an audit/network row, not a neutral 3D point."
neutral_object_071bdf70bed1,261,8:0:2:0:0:7,32.0,0.7422265625,"[1219,1719,1766,1836,1913,2247,2321,2408,2418,2573,2710,3670,4411,4754,4898,6476,6658,6997,7146,7434,7695,8112,8122,8256,9559,9715,10414,10779,11901,11939,12175,12715,14063,14149,14238,14382,14731,15163,16095,16801,17802,18167,18921,19120,19442,20569,21272,21430,21793,21823,21896,22691,22764,22986,23068,23374,23568,23712,24054,24217,24377,24431,24808,24971,25170,25185,25562,25788,26196,26255,26261,26335,27159,27626,27818,28985,29218,29317,29419,30778,30993,31103,31574,32045,32528,32617,32710,33169,33176,33608,33709,34036,34497,34917,34948,35184,35392,35805,36092,36882,37546,37658,38209,38796,40346,40517,40723,41436,42087,43074,43266,43307,43430,43728,43828,44404,44469,45137,46362,48134,48422,49553,50058,50246,52568,52663,54060,54437,61387,61733,61956,61961,62895,63443,63685,63686,64151,65150,65337,67133,67688,70178,70858,72122,73100,73244,73432,73461,73610,73804,74037,74131,74359,74460,74636,74816,74885,75126,75248,75414,75558,75714,76024,76160,76812,76854,77431,77830,78353,78929,79186,79251,79436,79828,80550,80571,80704,81458,82948,83236,84757,84812,85511,85566,86190,88616,91312,91434,91612,93375,93804,94040,94359,94592,94739,95404,95501,95690,96089,96376,96425,96632,97530,99028,100146,101105,102503,102825,103712,104210,104681,104825,105395,107194,108420,108509,108966,109136,109513,110216,110572,111110,111182,111626,112361,112368,112766,112923,113256,113608,113645,115701,116183,118985,119208,120143,120483,120660,120698,120716,120771,121418,123588,123799,123965,125119,125261,125595,126614,127101,127372,127476,127880,127982,127984,128198,128327,128486,128780,129369,129780]",False,"Neutral-object candidate from observer-visible record/transition histories. No H3/S2/support coordinate is attached here; render as an audit/network row, not a neutral 3D point."
neutral_object_d64806ffa670,247,8:0:2:0:0:15,32.0,0.7411328125000001,"[18,21,40,236,2264,2635,4164,4973,5186,5315,5330,5830,5885,6103,6183,6228,6327,6372,6403,6615,6927,6992,7207,7403,7825,8126,8359,8445,8575,9070,9680,9884,10439,11188,11599,12486,12960,12997,13175,13285,13895,17955,19400,19706,20124,20515,21148,21245,21557,22098,22222,22700,23332,24875,25248,26176,26197,26878,26967,26985,27040,28116,28187,29139,29215,29229,29270,29624,29997,30112,30134,30326,30467,30484,30908,30988,31066,31183,31224,31793,32032,32552,33860,34885,35589,36482,36579,36902,36953,37037,37224,38367,38501,39354,39690,39737,39802,40724,40789,41054,41222,41926,42239,42358,43308,43399,43405,43523,43606,43638,43913,44217,45002,45311,45491,47311,47400,48065,49895,50217,50456,50594,50806,50971,51492,53266,54068,54198,54822,55343,55774,59835,59875,59936,60485,61045,61150,61716,62590,62980,63690,63691,64160,64301,64721,64776,65288,65754,65808,65996,66364,66393,66906,67271,68769,69434,70133,70945,71135,71377,71497,71874,72263,72628,72688,72784,72861,73250,73675,73771,74196,74388,74566,74915,75409,76539,76758,76773,76794,77327,77469,77834,78126,78914,79022,79966,80019,81517,82504,83417,83868,84373,84750,87142,87663,88362,89894,91249,93640,94210,96110,96773,96953,97330,97532,97959,99504,100324,100915,101921,102318,103020,104473,105655,106032,106447,106529,106646,107112,107523,107732,107836,108242,108421,108470,108476,109229,109327,109601,110569,110637,111054,113908,115505,115585,117602,118035,118559,119224,120128,121660,121796,121910,125263,127978,128408,130613]",False,"Neutral-object candidate from observer-visible record/transition histories. No H3/S2/support coordinate is attached here; render as an audit/network row, not a neutral 3D point."
neutral_object_d71535b19e2b,234,0:0:2:0:0:7,32.0,0.74205078125,"[199,445,677,1785,2480,2514,2753,2842,4608,4755,4860,4930,6237,7755,8454,8594,8659,9036,9437,10345,11025,11342,12592,13409,13697,15951,19311,19849,20459,21179,21268,22394,23559,23950,24987,25225,25259,25314,25987,26741,27962,28428,30029,30931,31260,31308,31541,32438,32624,32654,33099,33298,33488,33728,34107,34251,34276,34785,35937,36382,36989,37188,38123,38696,38762,38841,38995,39040,39390,40218,40985,41159,41171,42052,42493,44086,44230,44463,44518,44859,44974,45073,45251,45306,45401,45539,45649,45658,45707,46125,46331,46391,46773,46988,48488,48810,48881,48891,49098,49420,50318,52657,55247,57953,58862,58940,59563,60332,61626,62322,63511,66082,67602,68056,68200,68535,69273,69557,70529,71216,71336,71535,72323,72440,72899,73217,73221,73509,73996,74658,74896,75867,76036,76132,76646,76845,76977,77397,78176,78430,79385,79584,79758,80749,80885,81446,82571,83099,84320,85827,85916,86382,87979,88146,88212,88443,88676,88877,90417,90569,91531,92044,92067,94273,95292,95784,96000,96466,96821,97041,97054,97342,97651,97708,98274,98651,100015,100670,101091,101136,102362,102720,102791,103346,103616,104333,104949,105707,106084,106811,107215,107825,107914,108175,108291,110811,112446,113533,114287,114387,114553,114575,114930,115451,116971,117315,118053,118203,119056,120181,120242,120386,120592,121781,122101,122368,122435,122812,123066,123511,123600,123967,124007,124402,124473,124786,124828,124862,125485,125522,126239,127806,128620,129189]",False,"Neutral-object candidate from observer-visible record/transition histories. No H3/S2/support coordinate is attached here; render as an audit/network row, not a neutral 3D point."
neutral_object_abc9397684e4,212,0:0:2:0:0:11,32.0,0.74271484375,"[573,793,1382,7069,8056,8344,8357,9420,13213,13214,14201,14667,15469,15791,16200,16490,16956,17100,17155,17187,17420,17655,18896,19207,20057,21531,22020,23251,27675,28448,28895,29183,29416,29929,30100,30259,30492,30683,31246,31706,32629,32843,33435,33618,34278,34710,34765,34903,35409,35464,35823,36160,36218,36396,36592,36684,37202,37676,38570,40049,41158,41303,41446,41741,41870,42666,43043,43269,44023,44122,44266,44372,45022,45501,46617,46865,47606,47655,47693,48155,52573,53134,53327,55157,55917,57352,57729,57873,58250,59064,59194,59283,59758,60572,61835,63007,63720,63953,65252,65262,65605,66821,66922,67687,68435,69371,69472,70387,71556,72687,73878,74111,74251,75422,75708,76079,77225,77602,77890,77910,78356,78485,79150,79993,80269,80286,80537,82882,85800,87214,87363,89015,89467,89625,93274,93638,95211,97853,97941,99033,100374,101528,101608,101905,102069,103224,103859,104147,104653,104838,105009,105386,105689,105977,106354,106771,107159,107209,107248,107415,107615,107670,107903,108169,108318,108478,108766,109156,109332,109421,110725,113502,113746,114034,117017,118914,119195,119571,119572,119661,120117,120168,120415,120639,120689,120737,120867,120881,120993,121190,121567,121868,122389,124385,125108,125378,125802,126446,126730,126886,127255,127843,128032,128100,128919,128969,129118,129275,129879,130037,130112,130311]",False,"Neutral-object candidate from observer-visible record/transition histories. No H3/S2/support coordinate is attached here; render as an audit/network row, not a neutral 3D point."
neutral_object_559786105235,211,8:0:2:0:0:14,32.0,0.7423828125,"[2791,3060,3627,9173,9640,10106,11269,12086,12129,12218,12643,13075,13308,13774,14593,14956,15049,16149,16247,17090,17179,17933,18068,18077,18653,18664,18767,19036,19085,19277,19879,20120,20339,20366,20517,20586,20627,20716,20735,20974,21029,21127,21347,21539,21694,21847,22615,23086,24647,25238,29160,30990,33186,34502,34612,34646,34801,35500,35722,36125,36502,36877,37152,38798,39141,40257,40290,40655,40689,41521,42028,42098,42639,42828,42854,44459,46184,46509,46542,46686,48508,48650,48652,49550,49872,51415,51584,51843,53990,54642,55096,56030,56199,57303,57958,58084,58112,60236,60362,61063,62948,65244,65532,66519,68878,69900,70619,71989,72737,73209,73580,74170,74340,75436,75837,75872,76944,77401,77422,77922,79252,79553,79565,79807,80150,80239,80705,81548,82247,82381,82445,82703,83145,84029,85204,85348,86112,86435,87298,88374,90095,90416,90587,91479,91901,91951,92328,92954,95378,95803,96690,97119,97992,98669,99068,100924,101891,102878,103166,103598,105339,106424,106625,106828,106835,108295,108535,109249,109385,110236,110484,110910,111130,111143,111600,112044,112266,112533,112854,113286,113430,114536,115807,117236,119656,120296,120440,120961,121582,122092,122325,122380,122817,123433,124854,124990,125586,125655,126432,127120,127499,127643,127798,128319,128696,129005,129589,130247,130399,130461,130676]",False,"Neutral-object candidate from observer-visible record/transition histories. No H3/S2/support coordinate is attached here; render as an audit/network row, not a neutral 3D point."
neutral_object_c11c66be7dc1,193,0:0:2:0:0:15,32.0,0.742421875,"[419,542,919,1797,3629,4159,4481,4947,5048,5091,5137,5152,5603,5670,6336,6425,6427,6501,6725,7801,7856,8071,8396,8555,8748,9021,9557,10027,10602,10890,13775,14879,15167,15400,15455,15489,15949,16881,17717,18327,18712,20329,28740,29044,30874,31148,33106,33643,34058,34691,34952,36381,37166,40043,40077,40564,41119,41862,42483,42572,43481,43624,44001,44169,44457,44495,44900,45132,45337,45509,45887,46068,46198,47422,48592,48921,50340,50717,52146,52612,52684,52691,57173,60260,61336,62692,62847,63026,64393,64766,65863,66103,66345,66586,67476,67538,67709,68598,69290,70623,70702,71823,73133,73246,73510,73541,73634,74031,74311,74932,75686,76704,76825,77170,81124,82632,82721,83006,83328,83580,84370,84501,84944,85088,86155,86443,87430,90326,90347,90360,90724,90826,92389,92622,92999,93986,96985,97362,97419,99247,99360,101691,102279,102421,102512,102767,104161,104627,105148,105217,105361,106086,106224,106780,107161,107627,107785,107876,108054,109370,111589,111678,113901,114257,114285,114511,114929,115129,115530,116027,117072,117860,118792,119555,119806,121705,121999,122664,122986,123098,123331,123569,125476,126962,127195,128504,128593,128627,128731,128964,129505,130139,130338]",False,"Neutral-object candidate from observer-visible record/transition histories. No H3/S2/support coordinate is attached here; render as an audit/network row, not a neutral 3D point."
neutral_object_3b0acff28b46,185,0:0:2:0:0:14,32.0,0.7422656249999999,"[921,1000,1288,1537,1623,1699,2257,2346,2401,2588,3127,3504,5240,5908,6654,9110,9249,9974,12463,13112,13405,13638,14372,15724,16288,16372,16847,17279,17814,19688,21442,21950,22359,22382,22663,22942,23216,23812,23826,24070,24301,24422,24629,27061,28115,28204,28644,29645,30193,30570,32110,32534,32911,33065,34973,35316,35405,35727,35748,36070,36303,36358,40071,40359,41200,42278,42451,42919,42943,43438,44226,44520,44571,45522,46152,46457,49069,49213,49357,49495,50050,50051,50561,50617,50761,50938,51548,51566,53356,53940,54154,55648,57205,57215,57768,59099,60750,60983,62130,62228,63494,63647,63769,64104,65404,66527,66993,67120,67497,68699,69200,70930,71396,71606,71951,72354,73048,78565,79187,81759,81813,82712,83266,83945,85007,85034,85384,85843,86659,88265,88642,90689,93058,93315,94073,97089,99363,99719,100206,100881,102277,103038,103131,103521,103789,104029,104477,104710,106241,108246,108418,108712,108835,109584,109728,110111,110427,110886,111634,113477,113865,114341,115608,115825,117089,118044,120280,120369,120513,120972,121027,121486,122302,123035,123988,124557,125207,125734,125749,126034,126267,126362,126506,128422,130271]",False,"Neutral-object candidate from observer-visible record/transition histories. No H3/S2/support coordinate is attached here; render as an audit/network row, not a neutral 3D point."
neutral_object_02e44d45a2af,182,8:0:2:0:0:11,32.0,0.7416015625000001,"[5285,5441,7967,8522,13446,14578,15433,16175,16434,16523,16989,17091,17845,17873,17879,19828,20256,24026,24417,24924,26125,26233,26466,26610,27364,28207,29289,29730,29776,30475,31496,31839,32305,32538,32737,34203,35268,35501,35878,36202,37232,37778,37941,38011,38170,38185,38314,38388,38511,39962,40296,40307,40440,40684,41727,42108,42927,43168,45685,46484,46721,47710,48409,48792,49449,50375,51506,51595,51650,53092,53103,53624,54090,54145,54247,54556,54988,55276,55278,55509,55945,55977,56089,56121,56843,57453,57597,59326,61876,62457,65275,66278,66467,66503,66558,66710,66969,67464,67669,67689,68252,68307,68314,68532,68676,69051,69206,69904,70129,70192,70214,70273,70714,71082,71429,71457,71978,72262,72355,72400,72978,73393,73620,74567,74770,75079,75217,75931,76826,77863,81189,83560,85267,86790,87223,87991,88615,89369,89947,90077,92684,92795,93159,93881,96882,99601,99745,100007,100852,101863,102384,103886,105088,105465,105862,106093,106239,107062,107391,107445,109649,110618,110673,111050,111375,112578,112926,113070,113153,118352,119270,120029,120406,120456,120550,120694,120927,121069,125713,127555,128720,130565]",False,"Neutral-object candidate from observer-visible record/transition histories. No H3/S2/support coordinate is attached here; render as an audit/network row, not a neutral 3D point."
neutral_object_d8dc5e9ce1d5,165,0:0:2:0:0:12,32.0,0.741953125,"[3745,5942,6552,6608,8060,8353,8373,13562,15290,16651,17693,21043,21626,22384,23316,23539,24947,27401,27452,28617,29138,29227,29677,29748,31180,31379,32222,35395,37695,39110,43251,44185,44915,44992,45169,45358,47487,48850,49116,49516,50403,51564,52407,52543,53271,54034,56403,56827,58161,59292,60310,61161,61857,64297,65361,65839,69264,72476,72565,73175,73319,73785,75186,75821,76198,76960,77019,77035,78610,79292,79297,79974,80179,80553,80995,81396,81516,82061,82756,83103,83119,83281,83869,83986,84798,85383,85583,87056,88132,88741,89298,90525,90828,91077,91632,92331,92386,93480,93517,94127,94360,94504,95347,96655,96766,97930,98319,99222,99959,100640,101174,101323,102078,102311,102344,102708,102716,102892,102949,103462,104698,105209,105675,107665,110413,111261,111960,113251,113598,113990,114315,114687,116385,116633,116798,116887,117129,117362,117660,118027,118377,118463,118754,118791,118870,120907,120945,121023,121256,121413,121521,121555,121944,121978,122165,122541,123020,123996,124096,124185,125431,125513,127286,128634,130064]",False,"Neutral-object candidate from observer-visible record/transition histories. No H3/S2/support coordinate is attached here; render as an audit/network row, not a neutral 3D point."
neutral_object_348bbf031c70,149,8:0:2:0:0:10,32.0,0.7414453125,"[184,448,532,634,642,676,723,935,2702,7288,9166,10279,11766,13806,15560,18175,18474,19370,19765,20142,20286,20663,20718,20888,25288,27012,27207,27714,29455,29921,30559,31398,34910,35688,36162,36251,38428,39170,39966,44545,44714,44778,45334,45375,45464,46249,46743,47331,48029,48183,48462,48724,48957,49145,49190,50033,50177,50554,51076,51452,51596,52264,52351,52961,54005,56212,58502,58792,60533,60868,61414,61999,64430,65506,68094,68234,68377,68471,70351,70774,70992,72460,73176,73824,78641,82909,83087,84739,85203,85773,88541,89123,89905,90343,90494,91036,91378,91441,92221,92235,92640,92660,92928,93206,93293,93305,93620,93670,93729,94345,94643,95764,95864,96232,96995,98725,99400,99597,100212,101063,102440,103830,105490,105864,106799,111480,111706,116442,119023,119135,119167,119256,124044,125543,125721,125865,126305,126394,126970,127038,127347,127381,127415,127503,128092,128380,128658,129056,129132]",False,"Neutral-object candidate from observer-visible record/transition histories. No H3/S2/support coordinate is attached here; render as an audit/network row, not a neutral 3D point."
neutral_object_3d7946ff4a95,149,0:0:2:0:0:10,32.0,0.742109375,"[427,7754,8063,9978,10843,11873,14540,14587,15333,16877,18280,18373,18928,19271,20203,21080,21279,21402,21800,22389,22410,23897,23940,25659,28320,28814,28930,29087,29277,29887,31453,32033,35552,35655,36875,37629,40759,41357,41605,41712,42178,43579,45101,46232,46465,47079,47447,47726,47843,48137,49180,50454,50466,50758,51009,52428,55547,57462,58539,58951,59043,59347,59509,61881,62045,62541,62596,63062,63761,64088,64698,65938,66788,70707,81290,82564,85786,86131,88105,89267,89268,89575,90117,90686,90823,90919,91118,91386,91522,91762,92160,92509,92973,93790,93976,94525,94890,95164,95774,96439,97426,98036,99035,99832,100123,100267,100399,100411,100555,102742,103520,103974,105720,105902,107634,108114,111406,111619,112220,112370,112428,113268,113765,115977,118627,119470,119614,120243,120328,120601,121120,121250,121390,124192,125090,125391,126420,127153,127352,127737,127755,127928,127991,128292,128624,128894,128910,129784,130072]",False,"Neutral-object candidate from observer-visible record/transition histories. No H3/S2/support coordinate is attached here; render as an audit/network row, not a neutral 3D point."
neutral_object_7ed17aedf808,137,8:0:2:0:0:12,32.0,0.740703125,"[778,2463,2847,3101,3601,3923,4019,4702,4787,4828,5661,6299,6621,6854,7475,7608,11145,11299,13363,13594,16345,20245,20499,21575,22795,26174,26784,26926,27561,27793,27886,28170,28869,30037,30628,31209,33559,38982,39632,40435,42654,44395,46012,48291,49287,57204,60453,62525,62627,63006,63346,63648,63733,64258,67770,68795,68972,69582,70445,72940,73359,73694,74690,75300,75677,77304,78399,79548,80284,80640,80727,81282,81394,81682,81762,81858,82177,82868,83656,83800,85354,85709,87671,87934,88969,89263,89450,90814,91622,95614,97465,99364,100027,100227,101344,102941,105812,106561,106844,107697,109061,110612,111133,111955,112709,112896,113234,113374,113659,113751,114594,115103,115115,115434,115667,116050,116139,116427,116944,117215,117469,117840,119398,119686,120999,121358,121881,122363,122453,126467,126529,126584,126851,127953,130132,130692,130870]",False,"Neutral-object candidate from observer-visible record/transition histories. No H3/S2/support coordinate is attached here; render as an audit/network row, not a neutral 3D point."
neutral_object_0fc791c9dcb2,125,8:0:2:0:0:9,32.0,0.7411328125000001,"[990,1989,3359,3846,4384,4601,4764,5018,5395,5533,7520,7897,8558,8939,9350,9367,9494,9880,10803,11574,11744,12010,12698,12887,13339,13419,13630,13874,14096,14329,16349,21075,22159,22392,23272,25104,27074,30774,30846,32206,33393,34513,34633,35012,35123,35245,38249,39910,39975,41003,41571,43401,44271,45011,46928,49620,51484,51607,51664,51863,52208,52327,52940,53227,53782,54016,54071,55290,55610,60189,63671,64976,66931,68384,70202,70672,73954,74589,76084,76241,76749,77398,77529,77694,79304,80291,80461,83735,87028,88301,88833,88922,89335,91175,91184,91309,93150,94645,97383,97789,97864,98474,100373,100566,106225,109621,111223,112498,112640,112642,113017,113163,113492,113951,114438,114815,115891,116035,116645,116986,118953,119787,120815,122504,129216]",False,"Neutral-object candidate from observer-visible record/transition histories. No H3/S2/support coordinate is attached here; render as an audit/network row, not a neutral 3D point."
neutral_object_e1b5b6c41c68,125,0:0:2:0:0:9,32.0,0.7427734375,"[945,4277,4510,5146,6699,7206,7727,8460,9401,9579,11555,14694,15568,16644,20050,22106,22339,22965,23774,27762,31641,32018,35772,37212,39716,39860,40703,40936,41416,41738,42043,43062,43786,43812,44307,45438,45686,46551,46802,48153,48311,50785,50934,53047,53844,54550,54681,54742,54927,55380,57210,58681,58796,61231,61514,62356,62982,64078,64455,65189,65190,66643,68482,68921,69198,69952,71073,71540,75042,76047,76872,78307,78358,78788,79045,79199,84211,85641,87207,87259,88157,88856,89102,89479,91584,91639,91872,93325,93641,95094,95416,95848,96081,96906,97993,98762,100238,107181,107436,107647,107669,107902,109299,109455,109855,110088,110634,110651,111006,111196,111503,112517,116102,116622,117267,119338,120064,123902,123908,124883,125891,126983,128928,129162,129197]",False,"Neutral-object candidate from observer-visible record/transition histories. No H3/S2/support coordinate is attached here; render as an audit/network row, not a neutral 3D point."
neutral_object_9c7d2a29474c,114,8:0:2:0:0:8,32.0,0.74123046875,"[849,891,4435,4579,7473,7602,11460,12471,13210,13526,13578,14053,15656,16636,16725,16734,17914,18377,18874,18990,20305,20938,23960,24278,24511,26485,27383,27403,28933,29019,29069,30153,30921,32374,32584,32772,34094,34136,34779,34968,35345,38300,40738,41403,41478,41492,42246,42465,48972,49745,49762,51198,53483,54591,54824,55722,57275,59366,65751,66073,69012,69830,71265,71596,72727,73162,73456,75108,78000,78370,79590,79920,80022,80255,81157,81911,82000,82288,86536,86623,87085,87462,91469,92606,93811,98780,98843,100278,104217,107136,108000,108123,109453,110707,111015,111841,112321,112554,119709,120586,121374,121470,123221,123454,123687,124392,127087,127613,128129,128678,130564,130619,130645,130727]",False,"Neutral-object candidate from observer-visible record/transition histories. No H3/S2/support coordinate is attached here; render as an audit/network row, not a neutral 3D point."
neutral_object_ae631f5cfa12,108,8:0:2:0:0:0,32.0,0.7421093750000001,"[1706,2202,4837,12002,12472,12938,13548,14168,16284,17648,18491,19012,20554,20698,21612,23138,23743,24052,24486,24695,24871,25978,26469,26979,27500,28011,28864,28875,28898,29330,29364,30095,30272,30955,32582,33336,33351,44191,44616,51969,54036,54701,56819,58348,58492,59167,59623,59911,60074,61584,63024,63236,64112,65320,68824,69692,72123,72380,72753,72986,74529,77042,78077,79311,80844,81130,81353,81456,81973,82107,82340,83929,84111,84395,84450,84794,86341,91237,95939,97782,99809,100173,101338,105857,106641,106874,109833,110078,110421,111136,111287,111850,112111,112177,113572,115334,115745,116554,116876,117020,119680,120845,122924,123141,126013,126246,128848,129339]",False,"Neutral-object candidate from observer-visible record/transition histories. No H3/S2/support coordinate is attached here; render as an audit/network row, not a neutral 3D point."
neutral_object_3795c5c3e8d3,102,0:0:2:0:0:8,32.0,0.7418359375000001,"[658,700,5502,5868,9473,11018,11546,12744,16798,17160,17516,19042,19759,21098,25251,25265,25573,25895,26848,27176,27527,27711,27944,28876,30962,33463,33578,33615,33840,34073,34277,35234,36516,38342,39587,39905,39964,43066,43676,44035,46082,47302,47558,47878,51298,51482,62909,63887,63983,64696,65073,65285,65607,66272,66855,67712,70986,71347,72467,73890,78281,78476,80887,82354,87712,89301,90232,90440,90986,91003,92520,92809,92897,93160,93874,94349,94406,99604,102997,104073,105008,105377,105754,107191,107479,107568,108555,114748,115452,116201,117570,119196,119681,121395,121993,123337,124822,125902,126046,126190,126938,129295]",False,"Neutral-object candidate from observer-visible record/transition histories. No H3/S2/support coordinate is attached here; render as an audit/network row, not a neutral 3D point."
neutral_object_c60e16a38265,91,0:0:2:0:0:0,32.0,0.7401171875000001,"[3103,5413,8493,12009,13435,14456,15443,18059,18703,19423,22189,23915,24326,24470,24758,24908,25016,26876,26965,28731,30461,31237,31847,34249,35236,37920,39051,42399,45294,45315,45433,45760,46043,51116,51493,53798,54086,54619,55594,55628,55777,57560,57910,60466,61374,61453,62993,72382,72430,75116,75158,75726,76721,77659,84328,88909,90483,90742,92690,96351,97715,97926,99091,99419,101080,102340,103242,106204,108334,110829,111809,111987,112419,113207,115078,116355,116677,117268,118522,118784,118988,119454,119687,120119,122675,123774,124327,124725,124871,125492,126956]",False,"Neutral-object candidate from observer-visible record/transition histories. No H3/S2/support coordinate is attached here; render as an audit/network row, not a neutral 3D point."
neutral_object_597c01d8612a,54,0:0:2:0:0:4,32.0,0.7400781249999999,"[639,5737,10085,11370,13068,22680,33714,35738,37066,37820,38089,38663,40618,47301,51016,52588,53883,55336,55713,56467,56611,58064,64948,74574,75184,77845,79641,83076,86359,86396,86736,87775,88639,88998,89139,96467,101580,102837,102944,103088,103144,103177,104419,105118,105584,106175,106249,107846,108079,110984,111853,120717,121971,122293]",False,"Neutral-object candidate from observer-visible record/transition histories. No H3/S2/support coordinate is attached here; render as an audit/network row, not a neutral 3D point."
neutral_object_73541476b263,50,8:0:2:0:0:4,32.0,0.73951171875,"[1090,7746,12513,13031,16105,16482,17280,22989,25838,25887,26100,28238,33900,36836,37259,38521,40208,43608,45600,46225,46513,49940,56700,58729,59339,64886,64941,66250,67525,75938,78872,81454,84241,91742,95328,97357,104746,105068,107384,111332,111450,111595,111709,112374,117568,120176,120642,120875,121574,131006]",False,"Neutral-object candidate from observer-visible record/transition histories. No H3/S2/support coordinate is attached here; render as an audit/network row, not a neutral 3D point."
neutral_object_5cbfc47dc98d,40,0:0:2:0:0:1,32.0,0.743203125,"[4942,5175,5408,6537,14889,19284,22255,30560,31563,32301,32589,33199,33808,34186,35940,39007,39584,39761,41359,41791,50411,65335,66059,66605,71971,80178,80244,83637,87475,96909,98463,108122,108683,110519,113728,116494,117193,123015,124300,127543]",False,"Neutral-object candidate from observer-visible record/transition histories. No H3/S2/support coordinate is attached here; render as an audit/network row, not a neutral 3D point."
neutral_object_e3971d2fb591,35,8:0:2:0:0:1,32.0,0.7390625000000001,"[731,2688,3319,7757,8867,9045,9210,9655,10488,12341,12951,14260,21985,25001,29196,30598,31796,32266,34129,34254,37322,40104,41977,42875,68219,73110,80710,82069,92351,96561,98713,102054,108372,109859,128632]",False,"Neutral-object candidate from observer-visible record/transition histories. No H3/S2/support coordinate is attached here; render as an audit/network row, not a neutral 3D point."
